comparison,feature,source_rows,external_rows,source_mean,source_median,source_std,source_p10,source_p25,source_p75,source_p90,external_mean,external_median,external_std,external_p10,external_p25,external_p75,external_p90,ks_statistic,ks_p_value,mean_difference_external_minus_source,median_difference_external_minus_source,is_binary_feature,source_proportion_1,external_proportion_1,absolute_percentage_point_difference_1
legitimate_vs_benign,path_length,134850,100000,0.0,0.0,0.0,0.0,0.0,0.0,0.0,4.60489,1.0,10.956454651340701,0.0,1.0,1.0,13.0,0.88986,0.0,4.60489,1.0,False,,,
legitimate_vs_benign,number_of_slashes,134850,100000,2.0,2.0,0.0,2.0,2.0,2.0,2.0,3.14825,3.0,0.7876408707535515,2.0,3.0,3.0,4.0,0.88986,0.0,1.14825,1.0,False,,,
legitimate_vs_benign,uses_https_text,134850,100000,1.0,1.0,0.0,1.0,1.0,1.0,1.0,0.35093,0.0,0.4772634627793428,0.0,0.0,1.0,1.0,0.64907,0.0,-0.64907,-1.0,True,1.0,0.35093,64.90700000000001
legitimate_vs_benign,special_character_count,134850,100000,5.244864664441972,5.0,0.5039173404858767,5.0,5.0,5.0,6.0,6.67065,6.0,1.8768148022215771,5.0,6.0,7.0,9.0,0.6187643121987394,0.0,1.4257853355580279,1.0,False,,,
legitimate_vs_benign,letter_ratio,134850,100000,0.799956840153667,0.8064516129032258,0.0393085814866799,0.75,0.7727272727272727,0.8275862068965517,0.8461538461538461,0.7542854406847844,0.75,0.05144950220522888,0.6875,0.7142857142857143,0.7931034482758621,0.8235294117647058,0.4203881868743048,0.0,-0.045671399468882545,-0.056451612903225756,False,,,
legitimate_vs_benign,domain_length,134850,100000,19.228609566184648,19.0,4.815612058586098,13.0,16.0,22.0,26.0,16.7556,16.0,5.31765657171598,11.0,13.0,20.0,24.0,0.24535968112717838,0.0,-2.473009566184647,-3.0,False,,,
legitimate_vs_benign,number_of_letters,134850,100000,21.93314794215795,22.0,4.782886626741667,16.0,18.0,25.0,28.0,22.25979,19.0,11.213888561461037,14.0,16.0,25.0,32.0,0.18971278828327776,0.0,0.32664205784204725,-3.0,False,,,
legitimate_vs_benign,number_of_subdomains,134850,100000,1.1616611049314052,1.0,0.40407592606077336,1.0,1.0,1.0,2.0,1.09911,1.0,0.6412108229070951,0.0,1.0,1.0,2.0,0.14102,0.0,-0.06255110493140514,0.0,False,,,
legitimate_vs_benign,number_of_dots,134850,100000,2.1616611049314054,2.0,0.40407592606077336,2.0,2.0,2.0,3.0,2.18579,2.0,0.7324188967212703,1.0,2.0,3.0,3.0,0.13719,0.0,0.024128895068594503,0.0,False,,,
legitimate_vs_benign,url_length,134850,100000,27.228609566184648,27.0,4.815612058586098,21.0,24.0,30.0,34.0,29.07606,26.0,13.124575323459965,20.0,22.0,32.0,40.0,0.12363265480163144,0.0,1.8474504338153501,-1.0,False,,,
legitimate_vs_benign,number_of_hyphens,134850,100000,0.0832035595105673,0.0,0.31018494461603685,0.0,0.0,0.0,0.0,0.2428,0.0,0.8339275234402229,0.0,0.0,0.0,1.0,0.07247892843900627,9.429231126234049e-263,0.1595964404894327,0.0,False,,,
legitimate_vs_benign,query_length,134850,100000,0.0,0.0,0.0,0.0,0.0,0.0,0.0,0.30924,0.0,3.3553812314299076,0.0,0.0,0.0,0.0,0.020019999999999927,2.0130691033531867e-20,0.30924,0.0,False,,,
legitimate_vs_benign,number_of_question_marks,134850,100000,0.0,0.0,0.0,0.0,0.0,0.0,0.0,0.02002,0.0,0.1400692535639351,0.0,0.0,0.0,0.0,0.020019999999999927,2.0130691033531867e-20,0.02002,0.0,False,,,
legitimate_vs_benign,number_of_query_parameters,134850,100000,0.0,0.0,0.0,0.0,0.0,0.0,0.0,0.02689,0.0,0.22065224851369122,0.0,0.0,0.0,0.0,0.020019999999999927,2.0130691033531867e-20,0.02689,0.0,False,,,
legitimate_vs_benign,number_of_equal_signs,134850,100000,0.0,0.0,0.0,0.0,0.0,0.0,0.0,0.02711,0.0,0.2240436338205095,0.0,0.0,0.0,0.0,0.019869999999999943,4.002921706218211e-20,0.02711,0.0,False,,,
legitimate_vs_benign,number_of_digits,134850,100000,0.050596959584723766,0.0,0.35032586845926117,0.0,0.0,0.0,0.0,0.14562,0.0,1.1666398013458399,0.0,0.0,0.0,0.0,0.01755029662588059,8.570447450609572e-16,0.09502304041527623,0.0,False,,,
legitimate_vs_benign,digit_ratio,134850,100000,0.0020295458741919348,0.0,0.014076083099827167,0.0,0.0,0.0,0.0,0.0030612164826420997,0.0,0.01836280393910318,0.0,0.0,0.0,0.0,0.01755029662588059,8.570447450609572e-16,0.001031670608450165,0.0,False,,,
legitimate_vs_benign,number_of_underscores,134850,100000,0.0,0.0,0.0,0.0,0.0,0.0,0.0,0.02622,0.0,0.25544698888740364,0.0,0.0,0.0,0.0,0.01735999999999993,1.8383713549664987e-15,0.02622,0.0,False,,,
legitimate_vs_benign,number_of_ampersands,134850,100000,0.0,0.0,0.0,0.0,0.0,0.0,0.0,0.0079,0.0,0.13348321309318928,0.0,0.0,0.0,0.0,0.004709999999999881,0.15596984697765026,0.0079,0.0,False,,,
legitimate_vs_benign,suspicious_keyword_count,134850,100000,0.0032332220986281053,0.0,0.05703029967139107,0.0,0.0,0.0,0.0,0.0013,0.0,0.03630872048464161,0.0,0.0,0.0,0.0,0.0019283908045978349,0.9829395603506961,-0.0019332220986281053,0.0,False,,,
legitimate_vs_benign,has_suspicious_keyword,134850,100000,0.003218390804597701,0.0,0.056639708288810944,0.0,0.0,0.0,0.0,0.00129,0.0,0.03589357579690041,0.0,0.0,0.0,0.0,0.0019283908045978349,0.9829395603506961,-0.0019283908045977013,0.0,True,0.003218390804597701,0.00129,0.19283908045977013
legitimate_vs_benign,number_of_percent_symbols,134850,100000,0.0,0.0,0.0,0.0,0.0,0.0,0.0,0.0073,0.0,0.34247318563477164,0.0,0.0,0.0,0.0,0.0013899999999998913,0.999883545376503,0.0073,0.0,False,,,
legitimate_vs_benign,has_port,134850,100000,0.0,0.0,0.0,0.0,0.0,0.0,0.0,0.00027,0.0,0.016429540446950823,0.0,0.0,0.0,0.0,0.00026999999999988145,1.0,0.00027,0.0,True,0.0,0.00027,0.027
legitimate_vs_benign,number_of_at_symbols,134850,100000,0.0,0.0,0.0,0.0,0.0,0.0,0.0,8e-05,0.0,0.008943958851873116,0.0,0.0,0.0,0.0,7.999999999996898e-05,1.0,8e-05,0.0,False,,,
legitimate_vs_benign,domain_is_ip,134850,100000,0.0,0.0,0.0,0.0,0.0,0.0,0.0,6e-05,0.0,0.007745773038890289,0.0,0.0,0.0,0.0,5.999999999994898e-05,1.0,6e-05,0.0,True,0.0,6e-05,0.006
legitimate_vs_benign,known_shortener_domain,134850,100000,7.415647015202076e-06,0.0,0.0027231685616579218,0.0,0.0,0.0,0.0,0.0,0.0,0.0,0.0,0.0,0.0,0.0,7.415647015229787e-06,1.0,-7.415647015202076e-06,0.0,True,7.415647015202076e-06,0.0,0.0007415647015202076
phishing_vs_phishing,uses_https_text,100945,16600,0.48735449997523406,0.0,0.4998425415725354,0.0,0.0,1.0,1.0,0.9143373493975904,1.0,0.2798736849463983,1.0,1.0,1.0,1.0,0.4269828494223563,0.0,0.4269828494223563,1.0,True,0.48735449997523406,0.9143373493975904,42.69828494223563
phishing_vs_phishing,path_length,100945,16600,8.725256327703205,1.0,35.30801033454871,0.0,0.0,6.0,28.0,17.153373493975902,6.0,36.26225963240669,1.0,1.0,16.0,49.0,0.3212664119253775,0.0,8.428117166272697,5.0,False,,,
phishing_vs_phishing,number_of_slashes,100945,16600,3.019208479865273,3.0,1.4003095955682563,2.0,2.0,3.0,4.0,3.617289156626506,3.0,1.4684184235254885,3.0,3.0,4.0,6.0,0.3212565055407125,0.0,0.5980806767612328,0.0,False,,,
phishing_vs_phishing,number_of_subdomains,100945,16600,1.1566991926296497,1.0,0.7932672845478713,0.0,1.0,1.0,2.0,0.7419879518072289,1.0,0.5648463619344106,0.0,0.0,1.0,1.0,0.1840278196345737,0.0,-0.41471124082242083,0.0,False,,,
phishing_vs_phishing,number_of_dots,100945,16600,2.384694635692704,2.0,1.3198698869911383,2.0,2.0,3.0,3.0,1.927289156626506,2.0,0.8174271346314881,1.0,1.0,2.0,3.0,0.16928442781975395,0.0,-0.4574054790661979,0.0,False,,,
phishing_vs_phishing,domain_length,100945,16600,24.461647431769777,22.0,12.201993641832289,13.0,16.0,29.0,39.0,21.31963855421687,20.0,11.520266883152459,7.0,14.0,28.0,36.0,0.1554875254149492,1.8387366772707291e-301,-3.1420088775529074,-2.0,False,,,
phishing_vs_phishing,number_of_hyphens,100945,16600,0.7069889543810987,0.0,2.249067098678759,0.0,0.0,1.0,2.0,0.9374096385542169,0.0,1.455568602812969,0.0,0.0,1.0,3.0,0.12956206618539146,4.2239902287214976e-209,0.23042068417311823,0.0,False,,,
phishing_vs_phishing,special_character_count,100945,16600,7.651245727871613,6.0,7.222319758708912,5.0,5.0,8.0,11.0,8.996024096385542,7.0,9.289033642323353,5.0,6.0,9.0,15.0,0.1267022630121258,5.865602106292793e-200,1.3447783685139285,1.0,False,,,
phishing_vs_phishing,url_length,100945,16600,46.238773589578486,34.0,61.07484983571655,22.0,26.0,48.0,80.0,56.30469879518072,38.0,66.22428870931542,22.0,29.0,55.0,113.0,0.12127170229285067,3.630209508131546e-183,10.065925205602234,4.0,False,,,
phishing_vs_phishing,number_of_letters,100945,16600,34.24925454455396,25.0,42.465140233713974,16.0,20.0,36.0,60.0,41.55512048192771,29.0,49.462643880331036,16.0,22.0,41.0,81.0,0.12065556395675331,2.618112958036243e-181,7.305865937373746,4.0,False,,,
phishing_vs_phishing,number_of_equal_signs,100945,16600,0.14785279112387933,0.0,1.4275243936552753,0.0,0.0,0.0,0.0,0.39536144578313254,0.0,1.133964383605614,0.0,0.0,0.0,2.0,0.10190872758456682,2.381449654389571e-129,0.2475086546592532,0.0,False,,,
phishing_vs_phishing,digit_ratio,100945,16600,0.06359171912572252,0.0,0.09542111427505869,0.0,0.0,0.1020408163265306,0.1923076923076923,0.07375972052456051,0.0377358490566037,0.0983385436698809,0.0,0.0,0.1136363636363636,0.2,0.09319930571759527,3.238976750125431e-108,0.010168001398837986,0.0377358490566037,False,,,
phishing_vs_phishing,number_of_digits,100945,16600,4.338273317152905,0.0,17.880827866776514,0.0,0.0,5.0,11.0,5.753433734939759,1.0,14.605435370113751,0.0,0.0,6.0,17.0,0.09246595873811764,1.596161903875556e-106,1.4151604177868542,1.0,False,,,
phishing_vs_phishing,query_length,100945,16600,5.169240675615434,0.0,37.82553250830646,0.0,0.0,0.0,0.0,9.379698795180722,0.0,49.70932785352033,0.0,0.0,0.0,41.0,0.08581315305304626,8.780584496532751e-92,4.210458119565288,0.0,False,,,
phishing_vs_phishing,number_of_query_parameters,100945,16600,0.14139382832235375,0.0,0.8398985673444133,0.0,0.0,0.0,0.0,0.36765060240963854,0.0,1.0776030295354828,0.0,0.0,0.0,1.0,0.08528082810214566,1.1888540831257744e-90,0.22625677408728478,0.0,False,,,
phishing_vs_phishing,number_of_question_marks,100945,16600,0.06879984149784536,0.0,0.2913257143912355,0.0,0.0,0.0,0.0,0.14897590361445784,0.0,0.38517176168932526,0.0,0.0,0.0,1.0,0.08487787695434768,8.452813150792893e-90,0.08017606211661248,0.0,False,,,
phishing_vs_phishing,letter_ratio,100945,16600,0.7472414032986082,0.7755102040816326,0.09631965406442249,0.6126612903225812,0.7142857142857143,0.8125,0.8378378378378378,0.7418114542795958,0.7666666666666667,0.09177730928870395,0.6206896551724138,0.7,0.8,0.8333333333333334,0.08165791403764544,3.8766391998053e-83,-0.005429949019012392,-0.008843537414965907,False,,,
phishing_vs_phishing,number_of_ampersands,100945,16600,0.08437267819109416,0.0,0.7161718944475831,0.0,0.0,0.0,0.0,0.2394578313253012,0.0,0.8698397491821699,0.0,0.0,0.0,1.0,0.07455368753233749,2.341959708737565e-69,0.15508515313420707,0.0,False,,,
phishing_vs_phishing,known_shortener_domain,100945,16600,0.005349447719054931,0.0,0.07294438867300278,0.0,0.0,0.0,0.0,0.06608433734939759,0.0,0.24843694538845967,0.0,0.0,0.0,0.0,0.06073488963034279,3.720305008751506e-46,0.06073488963034265,0.0,True,0.005349447719054931,0.06608433734939759,6.073488963034265
phishing_vs_phishing,number_of_underscores,100945,16600,0.08163851602357719,0.0,0.8410026134076732,0.0,0.0,0.0,0.0,0.21993975903614457,0.0,1.1037509488027146,0.0,0.0,0.0,0.0,0.05347061831953115,7.250508544699225e-36,0.13830124301256738,0.0,False,,,
phishing_vs_phishing,suspicious_keyword_count,100945,16600,0.0967952845608995,0.0,0.42857695976219984,0.0,0.0,0.0,0.0,0.08313253012048193,0.0,0.31521425764168687,0.0,0.0,0.0,0.0,0.009663603644355923,0.13858909668448527,-0.013662754440417577,0.0,False,,,
phishing_vs_phishing,has_suspicious_keyword,100945,16600,0.0690574074991332,0.0,0.2535529902039667,0.0,0.0,0.0,0.0,0.07512048192771084,0.0,0.2635935901346133,0.0,0.0,0.0,0.0,0.006063074428577786,0.6687888168990954,0.006063074428577647,0.0,True,0.0690574074991332,0.07512048192771084,0.6063074428577647
phishing_vs_phishing,domain_is_ip,100945,16600,0.0060230818762692555,0.0,0.07737482581017843,0.0,0.0,0.0,0.0,0.0004216867469879518,0.0,0.020531301003812605,0.0,0.0,0.0,0.0,0.005601395129281261,0.7601159067554173,-0.005601395129281304,0.0,True,0.0060230818762692555,0.0004216867469879518,0.5601395129281304
phishing_vs_phishing,number_of_at_symbols,100945,16600,0.017108326316310863,0.0,0.15307948452583925,0.0,0.0,0.0,0.0,0.011024096385542168,0.0,0.10838194871714624,0.0,0.0,0.0,0.0,0.00432651205147494,0.9512778241902938,-0.006084229930768695,0.0,False,,,
phishing_vs_phishing,number_of_percent_symbols,100945,16600,0.05852692060032691,0.0,1.2776278824269294,0.0,0.0,0.0,0.0,0.2960843373493976,0.0,6.9383771520133015,0.0,0.0,0.0,0.0,0.0039238801757131014,0.9800249985078845,0.2375574167490707,0.0,False,,,
phishing_vs_phishing,has_port,100945,16600,0.00025756600128783,0.0,0.01604687545781964,0.0,0.0,0.0,0.0,0.0009638554216867469,0.0,0.031031990195960698,0.0,0.0,0.0,0.0,0.0007062894203989645,1.0,0.000706289420398917,0.0,True,0.00025756600128783,0.0009638554216867469,0.0706289420398917
