mean_fit_time,std_fit_time,mean_score_time,std_score_time,param_criterion,param_max_depth,param_min_samples_leaf,param_min_samples_split,params,split0_test_score,split1_test_score,split2_test_score,mean_test_score,std_test_score,rank_test_score,split0_train_score,split1_train_score,split2_train_score,mean_train_score,std_train_score
1.5256157716115315,0.06839243761561505,0.13399982452392578,0.011458381713212064,entropy,10,1,2,"{'criterion': 'entropy', 'max_depth': 10, 'min_samples_leaf': 1, 'min_samples_split': 2}",0.9946061187506663,0.9950119372442019,0.9949260222572806,0.9948480260840497,0.0001746133150762633,1,0.9953530013642565,0.9951182075934256,0.995203990280087,0.9952250664125897,9.700577723759094e-05
1.4083503087361653,0.08220773798575642,0.13805611928304037,0.011688505291070723,entropy,10,1,10,"{'criterion': 'entropy', 'max_depth': 10, 'min_samples_leaf': 1, 'min_samples_split': 10}",0.9945632475534614,0.9950329361103413,0.994947233770387,0.9948478058113964,0.00020423234217875846,2,0.9952993593911551,0.9950645446696016,0.9951826746813318,0.9951821929140295,9.586331394008672e-05
1.1639874776204426,0.05417394592709485,0.1543902556101481,0.012074595711146297,entropy,10,1,20,"{'criterion': 'entropy', 'max_depth': 10, 'min_samples_leaf': 1, 'min_samples_split': 20}",0.9945639429533778,0.9950112991941329,0.9948827292110874,0.9948193237861994,0.00018805511154013565,3,0.9952353035228908,0.9950104482067466,0.9951286069094901,0.9951247862130425,9.18365453422215e-05
1.8880066871643066,0.020009145559641353,0.21477087338765463,0.024921733573475744,entropy,12,1,10,"{'criterion': 'entropy', 'max_depth': 12, 'min_samples_leaf': 1, 'min_samples_split': 10}",0.9945213072118357,0.9949703763692938,0.9949255895270991,0.9948057577027428,0.0002019662127542117,4,0.995385713829005,0.9951927689011586,0.9953000607475141,0.9952928478258926,7.893438614507768e-05
1.1073774496714275,0.04220566220676377,0.15570378303527832,0.0094119136393267,entropy,10,5,10,"{'criterion': 'entropy', 'max_depth': 10, 'min_samples_leaf': 5, 'min_samples_split': 10}",0.994435323966484,0.9950757817995779,0.9948842562987594,0.9947984540216072,0.00026841271960199636,5,0.9951927689011586,0.9950541485460902,0.9950654914791802,0.9951041363088097,6.284355099578217e-05
1.1765496730804443,0.039022509773292406,0.13609838485717773,0.022244143448087547,entropy,10,5,2,"{'criterion': 'entropy', 'max_depth': 10, 'min_samples_leaf': 5, 'min_samples_split': 2}",0.994435323966484,0.9950757817995779,0.9948842562987594,0.9947984540216072,0.00026841271960199636,5,0.9951927689011586,0.9950541485460902,0.9950654914791802,0.9951041363088097,6.284355099578217e-05
1.7974428335825603,0.05413015533260006,0.1453563372294108,0.022833237161408573,entropy,12,5,20,"{'criterion': 'entropy', 'max_depth': 12, 'min_samples_leaf': 5, 'min_samples_split': 20}",0.9944796129334783,0.9950112991941329,0.9948623931441728,0.9947844350905947,0.00022395038666407315,7,0.9952045013747096,0.995041956774393,0.9950012257122454,0.995082561287116,8.781341422840443e-05
1.783522129058838,0.012281151415625137,0.23773980140686035,0.01007592666716534,entropy,12,5,2,"{'criterion': 'entropy', 'max_depth': 12, 'min_samples_leaf': 5, 'min_samples_split': 2}",0.994414360636166,0.9951186238356106,0.9948201990919361,0.9947843945212376,0.000288626793610908,8,0.9952894534913462,0.9951178953651985,0.9951188319300863,0.9951753935955437,8.065343208781498e-05
1.8583711783091228,0.11486011548322612,0.2217411200205485,0.07090933898325531,entropy,12,5,10,"{'criterion': 'entropy', 'max_depth': 12, 'min_samples_leaf': 5, 'min_samples_split': 10}",0.994414360636166,0.9951186238356106,0.9948201990919361,0.9947843945212376,0.000288626793610908,8,0.9952894534913462,0.9951178953651985,0.9951188319300863,0.9951753935955437,8.065343208781498e-05
1.2127446333567302,0.007577740797273022,0.18224287033081055,0.06853129828050047,entropy,10,5,20,"{'criterion': 'entropy', 'max_depth': 10, 'min_samples_leaf': 5, 'min_samples_split': 20}",0.9945003410641201,0.9950112991941329,0.9948409652937665,0.9947842018506732,0.00021242429084327073,10,0.995160946493285,0.9950104482067466,0.9950012257122454,0.9950575401374255,7.32162068820474e-05
1.8023065725962322,0.026715287305522462,0.19884570439656576,0.010250984388125103,entropy,12,1,20,"{'criterion': 'entropy', 'max_depth': 12, 'min_samples_leaf': 1, 'min_samples_split': 20}",0.9945217743482617,0.9948840381991815,0.9949249402934153,0.9947769176136195,0.0001811846382768063,11,0.9952681388012619,0.9950849210495453,0.9951818530678378,0.995178304306215,7.484041429518466e-05
1.9636123975118,0.014576822247141113,0.21158393224080405,0.013520687781474227,entropy,12,1,2,"{'criterion': 'entropy', 'max_depth': 12, 'min_samples_leaf': 1, 'min_samples_split': 2}",0.9944786714702936,0.9948846924421331,0.9948833837888543,0.994748915900427,0.00019109241596141326,12,0.9955455146102858,0.9953527041719074,0.9953640054992486,0.9954207414271473,8.83485160140071e-05
8.12502940495809,0.4497868016997544,1.1419951915740967,0.18501662538493485,gini,12,1,2,"{'criterion': 'gini', 'max_depth': 12, 'min_samples_leaf': 1, 'min_samples_split': 2}",0.9944327126127855,0.9949279686301253,0.9948844743797425,0.9947483852075512,0.00022391937204957826,13,0.9954371975011194,0.9953210764721556,0.9953320828715151,0.9953634522815967,5.233898011075166e-05
1.685238202412923,0.02492065443812318,0.20522530873616537,0.005677114022228533,gini,10,1,2,"{'criterion': 'gini', 'max_depth': 10, 'min_samples_leaf': 1, 'min_samples_split': 2}",0.9943273905996759,0.9949056804859853,0.9949894458540329,0.9947408389798981,0.00029434541109867176,14,0.9952879469520906,0.994969304229195,0.9951282953297729,0.9951285155036862,0.00013008544005378128
1.7556866804758708,0.03934962927577736,0.3550681273142497,0.1275544017428851,gini,10,1,20,"{'criterion': 'gini', 'max_depth': 10, 'min_samples_leaf': 1, 'min_samples_split': 20}",0.9942428248539383,0.9950132128548291,0.994947233770387,0.9947344238263848,0.0003486550082615381,15,0.9951391109689799,0.9947996589940324,0.9949484184499957,0.9949623961376695,0.0001389326998668944
1.6598680814107258,0.021181245086526045,0.21902958552042642,0.014351971289747325,gini,10,1,10,"{'criterion': 'gini', 'max_depth': 10, 'min_samples_leaf': 1, 'min_samples_split': 10}",0.9943483546247521,0.9949271037599113,0.9948820744658166,0.9947191776168266,0.0002628550651594995,16,0.9952242879072147,0.9949267793575342,0.9950537267610439,0.9950682646752642,0.00012189161167657677
1.1772533257802327,0.05209814582163843,0.1129157543182373,0.0175421568395377,entropy,18,5,20,"{'criterion': 'entropy', 'max_depth': 18, 'min_samples_leaf': 5, 'min_samples_split': 20}",0.9944796129334783,0.9948215237080448,0.9948411852483479,0.9947141072966237,0.0001660067243657643,17,0.9952045013747096,0.9950652811084466,0.9950122562080358,0.9950940128970639,8.107070077090094e-05
1.3678030967712402,0.09720623156612382,0.14689413706461588,0.008189412075971349,entropy,18,1,10,"{'criterion': 'entropy', 'max_depth': 18, 'min_samples_leaf': 1, 'min_samples_split': 10}",0.9945015131494821,0.9948444823178526,0.9947353837628152,0.9946937930767167,0.0001430717803314199,18,0.9954613253782228,0.9953005615882183,0.9953543877594511,0.9953720915752974,6.681475817908827e-05
1.2416356404622395,0.01669389844107184,0.12588008244832358,0.008338800880907837,entropy,18,5,10,"{'criterion': 'entropy', 'max_depth': 18, 'min_samples_leaf': 5, 'min_samples_split': 10}",0.9943298090040927,0.9949286170892819,0.9948204199083449,0.9946929486672399,0.00026055001913085626,19,0.9953219739351896,0.9951622871512904,0.9951194561070736,0.9952012390645179,8.71447314692223e-05
1.2491576671600342,0.01639786691971292,0.14027976989746094,0.023070223184361888,entropy,18,5,2,"{'criterion': 'entropy', 'max_depth': 18, 'min_samples_leaf': 5, 'min_samples_split': 2}",0.9943298090040927,0.9949286170892819,0.9948204199083449,0.9946929486672399,0.00026055001913085626,19,0.9953219739351896,0.9951622871512904,0.9951194561070736,0.9952012390645179,8.71447314692223e-05
8.512789090474447,0.14424219654461334,1.0442078113555908,0.03792744935910826,gini,12,1,10,"{'criterion': 'gini', 'max_depth': 12, 'min_samples_leaf': 1, 'min_samples_split': 10}",0.9943485956793414,0.9949493873201918,0.9947773443328857,0.9946917757774729,0.00025262506102322437,21,0.9953309881675727,0.9951512697279383,0.995225611185711,0.9952359563604073,7.373351280468474e-05
8.809720516204834,0.3527524430152673,0.9689844449361166,0.05343696804220958,gini,12,1,20,"{'criterion': 'gini', 'max_depth': 12, 'min_samples_leaf': 1, 'min_samples_split': 20}",0.9942428248539383,0.9949500330272102,0.9948637070821168,0.9946855216544218,0.0003150115183796439,22,0.9951926664179502,0.9949596666773227,0.9950563617379445,0.9950695649444058,9.557880964163188e-05
2.9047458171844482,0.38866519402111527,0.7432307402292887,0.02420684619938598,entropy,8,1,20,"{'criterion': 'entropy', 'max_depth': 8, 'min_samples_leaf': 1, 'min_samples_split': 20}",0.9944560535630518,0.9949260222572806,0.99465263427001,0.9946782366967808,0.00019271612383881792,23,0.9949576248600821,0.9947447527475456,0.9946105998636674,0.9947709924904317,0.00014288218949937446
1.7283381621042888,0.2416965234029575,0.5051891009012858,0.15173829996939825,entropy,8,1,10,"{'criterion': 'entropy', 'max_depth': 8, 'min_samples_leaf': 1, 'min_samples_split': 10}",0.9944560535630518,0.9949260222572806,0.99465263427001,0.9946782366967808,0.00019271612383881792,23,0.9949576248600821,0.9947447527475456,0.9946105998636674,0.9947709924904317,0.00014288218949937446
1.509610652923584,0.08961770654611119,0.22496716181437174,0.015711759214054703,entropy,8,1,2,"{'criterion': 'entropy', 'max_depth': 8, 'min_samples_leaf': 1, 'min_samples_split': 2}",0.9944560535630518,0.9949260222572806,0.99465263427001,0.9946782366967808,0.00019271612383881792,23,0.9949576248600821,0.9947447527475456,0.9946105998636674,0.9947709924904317,0.00014288218949937446
4.343607981999715,0.3665615086466196,0.6212395032246908,0.04422138267886955,entropy,8,5,2,"{'criterion': 'entropy', 'max_depth': 8, 'min_samples_leaf': 5, 'min_samples_split': 2}",0.9944560535630518,0.9949260222572806,0.9946312156461715,0.9946710971555013,0.00019392531978159274,26,0.9949469105795062,0.9947447527475456,0.9945677644753099,0.9947531426007873,0.0001548993959744479
5.515240907669067,0.10804852776704021,0.5765985647837321,0.20547080235263454,entropy,8,5,20,"{'criterion': 'entropy', 'max_depth': 8, 'min_samples_leaf': 5, 'min_samples_split': 20}",0.9944560535630518,0.9949260222572806,0.9946312156461715,0.9946710971555013,0.00019392531978159274,26,0.9949469105795062,0.9947447527475456,0.9945677644753099,0.9947531426007873,0.0001548993959744479
5.425589481989543,0.27696079962460857,0.7633344332377116,0.0658957335781457,entropy,8,5,10,"{'criterion': 'entropy', 'max_depth': 8, 'min_samples_leaf': 5, 'min_samples_split': 10}",0.9944560535630518,0.9949260222572806,0.9946312156461715,0.9946710971555013,0.00019392531978159274,26,0.9949469105795062,0.9947447527475456,0.9945677644753099,0.9947531426007873,0.0001548993959744479
1.3295194307963054,0.06261944645990968,0.141528050104777,0.01790092139920972,entropy,18,1,20,"{'criterion': 'entropy', 'max_depth': 18, 'min_samples_leaf': 1, 'min_samples_split': 20}",0.9944588892204084,0.9947793475249845,0.9947338123360979,0.9946573496938304,0.00014155866390503998,29,0.9953329781566329,0.9951395254641966,0.9952254076521369,0.9952326370909889,7.914200166915206e-05
3.5883466402689614,0.0371710252585411,0.38882605234781903,0.06420523957038791,gini,10,5,20,"{'criterion': 'gini', 'max_depth': 10, 'min_samples_leaf': 5, 'min_samples_split': 20}",0.9942213787662324,0.9949703763692938,0.9946941123825354,0.9946286225060205,0.00030926369039204583,30,0.9950961579463562,0.9947674108808015,0.9948001022930697,0.9948878903734091,0.00014787093147961626
1.4677666028340657,0.054014332987360074,0.2536129156748454,0.011536627151883945,entropy,10,10,10,"{'criterion': 'entropy', 'max_depth': 10, 'min_samples_leaf': 10, 'min_samples_split': 10}",0.9942019099590723,0.9949894458540329,0.9946920764852594,0.9946278107661216,0.00032470577292381664,31,0.9950332537517054,0.9948825109812786,0.9947454248958144,0.9948870632095995,0.0001175497190068633
1.6439247131347656,0.055548632898617695,0.2322507699330648,0.013685454796079534,entropy,10,10,20,"{'criterion': 'entropy', 'max_depth': 10, 'min_samples_leaf': 10, 'min_samples_split': 20}",0.9942019099590723,0.9949894458540329,0.9946920764852594,0.9946278107661216,0.00032470577292381664,31,0.9950332537517054,0.9948825109812786,0.9947454248958144,0.9948870632095995,0.0001175497190068633
1.2361219724019368,0.10453588182321899,0.27462975184122723,0.0187102877515962,entropy,10,10,2,"{'criterion': 'entropy', 'max_depth': 10, 'min_samples_leaf': 10, 'min_samples_split': 2}",0.9942019099590723,0.9949894458540329,0.9946920764852594,0.9946278107661216,0.00032470577292381664,31,0.9950332537517054,0.9948825109812786,0.9947454248958144,0.9948870632095995,0.0001175497190068633
2.333653688430786,0.34211365878179306,0.5762224992116293,0.10796409598435255,gini,10,5,2,"{'criterion': 'gini', 'max_depth': 10, 'min_samples_leaf': 5, 'min_samples_split': 2}",0.994284251834158,0.9948628311981753,0.9946503548668982,0.9945991459664105,0.00023896343337218124,34,0.9951278798281431,0.994862502664677,0.9948733253040299,0.9949545692656168,0.00012262869618774027
3.320875803629557,0.2095488287718578,0.40307243665059406,0.0507507047492602,gini,10,5,10,"{'criterion': 'gini', 'max_depth': 10, 'min_samples_leaf': 5, 'min_samples_split': 10}",0.994284251834158,0.9948628311981753,0.9946503548668982,0.9945991459664105,0.00023896343337218124,34,0.9951278798281431,0.994862502664677,0.9948733253040299,0.9949545692656168,0.00012262869618774027
9.582830111185709,0.26702247357278397,1.1534016132354736,0.01663104788207722,gini,18,1,20,"{'criterion': 'gini', 'max_depth': 18, 'min_samples_leaf': 1, 'min_samples_split': 20}",0.9942238421041414,0.9947809045012036,0.9947577036184632,0.994587483407936,0.0002573076221297454,36,0.9953223726971476,0.9950349471530856,0.9950993970127628,0.995152238954332,0.0001231464275742187
8.154563109079996,0.060538561307582915,0.9243132273356119,0.03895446324406009,gini,12,5,20,"{'criterion': 'gini', 'max_depth': 12, 'min_samples_leaf': 5, 'min_samples_split': 20}",0.9942428248539383,0.9948857824752813,0.9946307580858227,0.9945864551383474,0.00026434912404745307,37,0.9950961579463562,0.9948952949325944,0.9948537637845613,0.994948405554504,0.00010584355133176889
8.913200855255127,0.27755623963191656,0.995277484258016,0.012891778351686005,gini,12,5,2,"{'criterion': 'gini', 'max_depth': 12, 'min_samples_leaf': 5, 'min_samples_split': 2}",0.994369561508275,0.9947565862392361,0.9946293849367035,0.994585177561405,0.00016106469635308784,38,0.995191846394951,0.9950650707197749,0.9949478800281384,0.9950682657142881,9.962447164689722e-05
8.41572610537211,0.18723769576880928,0.9045820236206055,0.025971202881216026,gini,12,5,10,"{'criterion': 'gini', 'max_depth': 12, 'min_samples_leaf': 5, 'min_samples_split': 10}",0.994369561508275,0.9947565862392361,0.9946293849367035,0.994585177561405,0.00016106469635308784,38,0.995191846394951,0.9950650707197749,0.9949478800281384,0.9950682657142881,9.962447164689722e-05
1.253196080525716,0.11817147523348415,0.12698030471801758,0.010958324668516957,entropy,18,1,2,"{'criterion': 'entropy', 'max_depth': 18, 'min_samples_leaf': 1, 'min_samples_split': 2}",0.994331017433187,0.9947378512537549,0.9946512668612952,0.9945733785160792,0.00017498263748129452,40,0.9957489425627803,0.995535286157256,0.9955254410636666,0.9956032232612343,0.00010311746570214094
9.308176358540853,0.3489409648922142,1.124219576517741,0.10556157681569694,gini,18,1,10,"{'criterion': 'gini', 'max_depth': 18, 'min_samples_leaf': 1, 'min_samples_split': 10}",0.9943295672564485,0.9948016532447058,0.9945867610076297,0.994572660502928,0.00019298603274478008,41,0.9954820560906998,0.9952368266822953,0.9953222730130316,0.9953470519286757,0.00010163615394133639
1.108445644378662,0.09092583444328031,0.1412059466044108,0.01698989375604335,entropy,18,10,2,"{'criterion': 'entropy', 'max_depth': 18, 'min_samples_leaf': 10, 'min_samples_split': 2}",0.9942019099590723,0.9950327243268595,0.9944591253942545,0.9945645865600622,0.0003472795910603212,42,0.9950332537517054,0.9949258059014157,0.9947676339261927,0.9949088978597712,0.00010909593432855293
0.9846065839131674,0.022133116387252027,0.08834306399027507,0.009435486799940777,entropy,18,10,20,"{'criterion': 'entropy', 'max_depth': 18, 'min_samples_leaf': 10, 'min_samples_split': 20}",0.9942019099590723,0.9950327243268595,0.9944591253942545,0.9945645865600622,0.0003472795910603212,42,0.9950332537517054,0.9949258059014157,0.9947676339261927,0.9949088978597712,0.00010909593432855293
1.0732122262318928,0.0814955706464957,0.116179625193278,0.018644936904583912,entropy,18,10,10,"{'criterion': 'entropy', 'max_depth': 18, 'min_samples_leaf': 10, 'min_samples_split': 10}",0.9942019099590723,0.9950327243268595,0.9944591253942545,0.9945645865600622,0.0003472795910603212,42,0.9950332537517054,0.9949258059014157,0.9947676339261927,0.9949088978597712,0.00010909593432855293
8.832818905512491,0.3091053574918895,1.0496242046356201,0.039854069454314946,gini,18,1,2,"{'criterion': 'gini', 'max_depth': 18, 'min_samples_leaf': 1, 'min_samples_split': 2}",0.9942883935041132,0.9947797924701169,0.9946086474737358,0.9945589444826554,0.00020366807381805353,45,0.9957271787658899,0.9955028879558387,0.9955145484183723,0.9955815383800336,0.00010309326874532441
1.4027019341786702,0.13849492335113064,0.12028932571411133,0.009287193099105334,entropy,12,10,10,"{'criterion': 'entropy', 'max_depth': 12, 'min_samples_leaf': 10, 'min_samples_split': 10}",0.9942019099590723,0.9950119372442019,0.9944591253942545,0.9945576575325096,0.00033795215377864165,46,0.9950332537517054,0.9949050288857149,0.9947676339261927,0.994901972187871,0.00010846037825745283
1.1467022895812988,0.09983336311135246,0.14019115765889487,0.01615426226630099,entropy,12,10,20,"{'criterion': 'entropy', 'max_depth': 12, 'min_samples_leaf': 10, 'min_samples_split': 20}",0.9942019099590723,0.9950119372442019,0.9944591253942545,0.9945576575325096,0.00033795215377864165,46,0.9950332537517054,0.9949050288857149,0.9947676339261927,0.994901972187871,0.00010846037825745283
1.7166194121042888,0.14819947171185693,0.17439659436543783,0.033088783930502526,entropy,12,10,2,"{'criterion': 'entropy', 'max_depth': 12, 'min_samples_leaf': 10, 'min_samples_split': 2}",0.9942019099590723,0.9950119372442019,0.9944591253942545,0.9945576575325096,0.00033795215377864165,46,0.9950332537517054,0.9949050288857149,0.9947676339261927,0.994901972187871,0.00010846037825745283
8.159265438715616,0.5287533852794122,0.297039270401001,0.07740194733453945,gini,18,5,20,"{'criterion': 'gini', 'max_depth': 18, 'min_samples_leaf': 5, 'min_samples_split': 20}",0.9941597749168727,0.9948866541673769,0.9945883756604739,0.9945449349149079,0.0002983327951409111,49,0.9952046035805626,0.9949385702260062,0.9948864362722121,0.9950098700262604,0.00013933258810717395
10.18042778968811,0.15158615622856714,1.0930389563242595,0.038052749185534446,gini,18,5,2,"{'criterion': 'gini', 'max_depth': 18, 'min_samples_leaf': 5, 'min_samples_split': 2}",0.9942864452308873,0.9948645826674338,0.9944812597217191,0.9945440958733468,0.00024016939903282852,50,0.9953002610966057,0.9950979347385921,0.9949917950685165,0.9951299969679047,0.0001279552331420578
9.798147122065226,0.36698942943186597,0.5361529191335043,0.2828727380570417,gini,18,5,10,"{'criterion': 'gini', 'max_depth': 18, 'min_samples_leaf': 5, 'min_samples_split': 10}",0.9942864452308873,0.9948645826674338,0.9944812597217191,0.9945440958733468,0.00024016939903282852,50,0.9953002610966057,0.9950979347385921,0.9949917950685165,0.9951299969679047,0.0001279552331420578
4.923899491628011,0.5408065874179314,0.9230044682820638,0.1880182810798158,gini,10,10,10,"{'criterion': 'gini', 'max_depth': 10, 'min_samples_leaf': 10, 'min_samples_split': 10}",0.9941358353769059,0.9949056804859853,0.9945883756604739,0.994543297174455,0.00031590022203187784,52,0.9948186528497409,0.9946593610421175,0.9946294993926219,0.9947025044281602,8.302919729201386e-05
3.697763284047445,0.31444656421915596,0.8729802767435709,0.10663666083642258,gini,10,10,2,"{'criterion': 'gini', 'max_depth': 10, 'min_samples_leaf': 10, 'min_samples_split': 2}",0.9941358353769059,0.9949056804859853,0.9945883756604739,0.994543297174455,0.00031590022203187784,52,0.9948186528497409,0.9946593610421175,0.9946294993926219,0.9947025044281602,8.302919729201386e-05
6.127131859461467,0.44281736090835827,0.8388455708821615,0.04832516884905752,gini,10,10,20,"{'criterion': 'gini', 'max_depth': 10, 'min_samples_leaf': 10, 'min_samples_split': 20}",0.9941358353769059,0.9949056804859853,0.9945883756604739,0.994543297174455,0.00031590022203187784,52,0.9948186528497409,0.9946593610421175,0.9946294993926219,0.9947025044281602,8.302919729201386e-05
7.436698039372762,0.0997690776721329,0.8266977469126383,0.06687244071022012,gini,12,10,10,"{'criterion': 'gini', 'max_depth': 12, 'min_samples_leaf': 10, 'min_samples_split': 10}",0.9941166439290586,0.9949056804859853,0.9945883756604739,0.9945369000251727,0.00032417277061665037,55,0.9948948596885758,0.9946593610421175,0.9946294993926219,0.9947279067077718,0.00011868137421172707
7.780395746231079,0.19202709090158798,0.9644055366516113,0.022452448014021898,gini,12,10,2,"{'criterion': 'gini', 'max_depth': 12, 'min_samples_leaf': 10, 'min_samples_split': 2}",0.9941166439290586,0.9949056804859853,0.9945883756604739,0.9945369000251727,0.00032417277061665037,55,0.9948948596885758,0.9946593610421175,0.9946294993926219,0.9947279067077718,0.00011868137421172707
7.534639437993367,0.07659066268221651,0.8798405329386393,0.061776249809983405,gini,12,10,20,"{'criterion': 'gini', 'max_depth': 12, 'min_samples_leaf': 10, 'min_samples_split': 20}",0.9941166439290586,0.9949056804859853,0.9945883756604739,0.9945369000251727,0.00032417277061665037,55,0.9948948596885758,0.9946593610421175,0.9946294993926219,0.9947279067077718,0.00011868137421172707
5.744832595189412,0.5219787567106096,0.2983689308166504,0.022306776677073013,gini,18,10,2,"{'criterion': 'gini', 'max_depth': 18, 'min_samples_leaf': 10, 'min_samples_split': 2}",0.9940745161565351,0.9949056804859853,0.9945883756604739,0.9945228574343314,0.0003424694770878468,58,0.9949487414480275,0.9946593610421175,0.9946294993926219,0.9947458672942556,0.00014397076376619422
2.6463681856791177,0.027112120051472784,0.2804132302602132,0.03313837366423981,gini,18,10,20,"{'criterion': 'gini', 'max_depth': 18, 'min_samples_leaf': 10, 'min_samples_split': 20}",0.9940745161565351,0.9949056804859853,0.9945883756604739,0.9945228574343314,0.0003424694770878468,58,0.9949487414480275,0.9946593610421175,0.9946294993926219,0.9947458672942556,0.00014397076376619422
3.5096314748128257,0.5264109418722642,0.2575538158416748,0.011472615776850296,gini,18,10,10,"{'criterion': 'gini', 'max_depth': 18, 'min_samples_leaf': 10, 'min_samples_split': 10}",0.9940745161565351,0.9949056804859853,0.9945883756604739,0.9945228574343314,0.0003424694770878468,58,0.9949487414480275,0.9946593610421175,0.9946294993926219,0.9947458672942556,0.00014397076376619422
5.314824978510539,0.1392735262384065,0.23226491610209146,0.07152257859643528,entropy,8,10,2,"{'criterion': 'entropy', 'max_depth': 8, 'min_samples_leaf': 10, 'min_samples_split': 2}",0.9941348348156205,0.9949258059014157,0.9945031532299301,0.9945212646489887,0.00032316645067853096,61,0.9948815287167566,0.9947551329339275,0.9944292363899747,0.9946886326802197,0.00019054098425947663
3.844204584757487,0.3579272512221289,0.16950909296671549,0.04956650628702353,entropy,8,10,10,"{'criterion': 'entropy', 'max_depth': 8, 'min_samples_leaf': 10, 'min_samples_split': 10}",0.9941348348156205,0.9949258059014157,0.9945031532299301,0.9945212646489887,0.00032316645067853096,61,0.9948815287167566,0.9947551329339275,0.9944292363899747,0.9946886326802197,0.00019054098425947663
2.1291398207346597,0.5906519534630359,0.14873409271240234,0.018574138421449046,entropy,8,10,20,"{'criterion': 'entropy', 'max_depth': 8, 'min_samples_leaf': 10, 'min_samples_split': 20}",0.9941348348156205,0.9949258059014157,0.9945031532299301,0.9945212646489887,0.00032316645067853096,61,0.9948815287167566,0.9947551329339275,0.9944292363899747,0.9946886326802197,0.00019054098425947663
1.517917553583781,0.012743384149128472,0.21395341555277506,0.024335767080094148,gini,8,1,2,"{'criterion': 'gini', 'max_depth': 8, 'min_samples_leaf': 1, 'min_samples_split': 2}",0.9940048217447889,0.9947981068520019,0.9946469321162746,0.9944832869043552,0.00034390903048104476,64,0.9947748938983557,0.9946281255995395,0.9945714194298391,0.9946581463092447,8.573757283299222e-05
1.557535727818807,0.03217226300975191,0.23653276761372885,0.011438064412381817,gini,8,1,10,"{'criterion': 'gini', 'max_depth': 8, 'min_samples_leaf': 1, 'min_samples_split': 10}",0.9940260294431406,0.9947981068520019,0.9945826046154502,0.9944689136368643,0.00032528972755312965,65,0.9947642862474542,0.9946281255995395,0.9945500890543179,0.9946475003004371,8.851231049228607e-05
1.5029268264770508,0.042991338850793426,0.20037523905436197,0.01235719199116605,gini,8,10,20,"{'criterion': 'gini', 'max_depth': 8, 'min_samples_leaf': 10, 'min_samples_split': 20}",0.9939422379591314,0.9947554683835756,0.9946485299447797,0.9944487454291623,0.00036080587608003465,66,0.9946683727873747,0.9945210736137463,0.9943801652892562,0.9945232038967924,0.00011766986040706774
1.558973789215088,0.017725843124262473,0.19224945704142252,0.007618925663958739,gini,8,10,2,"{'criterion': 'gini', 'max_depth': 8, 'min_samples_leaf': 10, 'min_samples_split': 2}",0.9939422379591314,0.9947554683835756,0.9946485299447797,0.9944487454291623,0.00036080587608003465,66,0.9946683727873747,0.9945210736137463,0.9943801652892562,0.9945232038967924,0.00011766986040706774
1.4623754819234211,0.015192938593843535,0.21347872416178384,0.00765539467746033,gini,8,10,10,"{'criterion': 'gini', 'max_depth': 8, 'min_samples_leaf': 10, 'min_samples_split': 10}",0.9939422379591314,0.9947554683835756,0.9946485299447797,0.9944487454291623,0.00036080587608003465,66,0.9946683727873747,0.9945210736137463,0.9943801652892562,0.9945232038967924,0.00011766986040706774
1.6497502326965332,0.03169112748912038,0.20720609029134116,0.011632693768666555,gini,8,1,20,"{'criterion': 'gini', 'max_depth': 8, 'min_samples_leaf': 1, 'min_samples_split': 20}",0.9939210374762707,0.9947771216610884,0.9946261781891074,0.9944414457754888,0.0003731081892738033,69,0.9947006450924988,0.9945752379328353,0.9945084825284439,0.9945947885179259,7.965877975915098e-05
1.6079137325286865,0.0243664859486629,0.20365174611409506,0.003962172656705407,gini,8,5,2,"{'criterion': 'gini', 'max_depth': 8, 'min_samples_leaf': 5, 'min_samples_split': 2}",0.9939833582248773,0.9947766762605266,0.9945413450466971,0.9944337931773669,0.0003326799561830373,70,0.9947106873973596,0.9945853762523982,0.9944757273270198,0.9945905969922593,9.599305793315202e-05
1.594902515411377,0.008615976193011542,0.2458477020263672,0.021228216017975622,gini,8,5,10,"{'criterion': 'gini', 'max_depth': 8, 'min_samples_leaf': 5, 'min_samples_split': 10}",0.9939833582248773,0.9947766762605266,0.9945413450466971,0.9944337931773669,0.0003326799561830373,70,0.9947106873973596,0.9945853762523982,0.9944757273270198,0.9945905969922593,9.599305793315202e-05
1.5922422409057617,0.030881799248578062,0.18897279103597006,0.006470970398000556,gini,8,5,20,"{'criterion': 'gini', 'max_depth': 8, 'min_samples_leaf': 5, 'min_samples_split': 20}",0.9939210374762707,0.9947771216610884,0.9945849145098709,0.9944276912157433,0.00036675096549384416,72,0.9946793197206376,0.9945646381754236,0.9944341372912802,0.9945593650624471,0.00010016473167321993
2.463815768559774,0.27969964355421606,0.18147993087768555,0.010587664151350538,entropy,6,10,20,"{'criterion': 'entropy', 'max_depth': 6, 'min_samples_leaf': 10, 'min_samples_split': 20}",0.9937096189521718,0.9944365101357833,0.9942019099590723,0.9941160130156758,0.00030290417832120714,73,0.9944572354395839,0.9940832187290114,0.9939145911266,0.994151681765065,0.0002267614063029054
3.7526297569274902,0.30289978954928626,0.19824441274007162,0.04045813359720489,entropy,6,10,10,"{'criterion': 'entropy', 'max_depth': 6, 'min_samples_leaf': 10, 'min_samples_split': 10}",0.9937096189521718,0.9944365101357833,0.9942019099590723,0.9941160130156758,0.00030290417832120714,73,0.9944572354395839,0.9940832187290114,0.9939145911266,0.994151681765065,0.0002267614063029054
4.712637344996135,0.18966475743413472,0.4636216958363851,0.11974263234324474,entropy,6,10,2,"{'criterion': 'entropy', 'max_depth': 6, 'min_samples_leaf': 10, 'min_samples_split': 2}",0.9937096189521718,0.9944365101357833,0.9942019099590723,0.9941160130156758,0.00030290417832120714,73,0.9944572354395839,0.9940832187290114,0.9939145911266,0.994151681765065,0.0002267614063029054
4.664387861887614,0.05367251184007416,0.6297291119893392,0.029512616055445536,entropy,6,5,20,"{'criterion': 'entropy', 'max_depth': 6, 'min_samples_leaf': 5, 'min_samples_split': 20}",0.9937096189521718,0.9944365101357833,0.9942019099590723,0.9941160130156758,0.00030290417832120714,73,0.9944572354395839,0.9940832187290114,0.9939145911266,0.994151681765065,0.0002267614063029054
4.820630391438802,0.10023724820374154,0.6939118703206381,0.030355452883450373,entropy,6,5,10,"{'criterion': 'entropy', 'max_depth': 6, 'min_samples_leaf': 5, 'min_samples_split': 10}",0.9937096189521718,0.9944365101357833,0.9942019099590723,0.9941160130156758,0.00030290417832120714,73,0.9944572354395839,0.9940832187290114,0.9939145911266,0.994151681765065,0.0002267614063029054
5.13532821337382,0.19057494242415093,0.6749005317687988,0.009820535075206804,entropy,6,5,2,"{'criterion': 'entropy', 'max_depth': 6, 'min_samples_leaf': 5, 'min_samples_split': 2}",0.9937096189521718,0.9944365101357833,0.9942019099590723,0.9941160130156758,0.00030290417832120714,73,0.9944572354395839,0.9940832187290114,0.9939145911266,0.994151681765065,0.0002267614063029054
4.8689078489939375,0.18200369156808277,0.6818690299987793,0.021447148017813597,entropy,6,1,20,"{'criterion': 'entropy', 'max_depth': 6, 'min_samples_leaf': 1, 'min_samples_split': 20}",0.9937096189521718,0.9944365101357833,0.9942019099590723,0.9941160130156758,0.00030290417832120714,73,0.9944679535691826,0.9940832187290114,0.9939360352967506,0.9941624025316482,0.00022425702231559905
4.6341830889383955,0.18611944161169444,0.7401660283406576,0.06670865196954534,entropy,6,1,10,"{'criterion': 'entropy', 'max_depth': 6, 'min_samples_leaf': 1, 'min_samples_split': 10}",0.9937096189521718,0.9944365101357833,0.9942019099590723,0.9941160130156758,0.00030290417832120714,73,0.9944679535691826,0.9940832187290114,0.9939360352967506,0.9941624025316482,0.00022425702231559905
4.359365304311116,0.07329758075433387,0.6480120023091634,0.04431415405505956,entropy,6,1,2,"{'criterion': 'entropy', 'max_depth': 6, 'min_samples_leaf': 1, 'min_samples_split': 2}",0.9937096189521718,0.9944365101357833,0.9942019099590723,0.9941160130156758,0.00030290417832120714,73,0.9944679535691826,0.9940832187290114,0.9939360352967506,0.9941624025316482,0.00022425702231559905
1.6390249729156494,0.010887239565655502,0.2223497231801351,0.017619599526660736,gini,6,5,20,"{'criterion': 'gini', 'max_depth': 6, 'min_samples_leaf': 5, 'min_samples_split': 20}",0.9937241173205823,0.9942171862663508,0.9940452052163149,0.993995502934416,0.00020433956043765995,82,0.9941096124295714,0.9939391352597209,0.994044315416471,0.9940310210352544,7.022901484433856e-05
1.2880644003550212,0.04647907818386534,0.2347234090169271,0.037413530165576615,gini,6,1,20,"{'criterion': 'gini', 'max_depth': 6, 'min_samples_leaf': 1, 'min_samples_split': 20}",0.9937241173205823,0.9942171862663508,0.9940452052163149,0.993995502934416,0.00020433956043765995,82,0.9941096124295714,0.9939391352597209,0.9940551790383692,0.9940346422425538,7.10958805502906e-05
1.5909995237986247,0.015334154998593513,0.22495261828104654,0.022068036557625362,gini,6,10,2,"{'criterion': 'gini', 'max_depth': 6, 'min_samples_leaf': 10, 'min_samples_split': 2}",0.9937241173205823,0.9942171862663508,0.9940452052163149,0.993995502934416,0.00020433956043765995,82,0.9941096124295714,0.9939391352597209,0.994044315416471,0.9940310210352544,7.022901484433856e-05
1.4119242032368977,0.028493250524362055,0.18668317794799805,0.005200384848639008,gini,6,10,20,"{'criterion': 'gini', 'max_depth': 6, 'min_samples_leaf': 10, 'min_samples_split': 20}",0.9937241173205823,0.9942171862663508,0.9940452052163149,0.993995502934416,0.00020433956043765995,82,0.9941096124295714,0.9939391352597209,0.994044315416471,0.9940310210352544,7.022901484433856e-05
1.5869985421498616,0.043923772943682854,0.2459859848022461,0.004725310718420595,gini,6,5,10,"{'criterion': 'gini', 'max_depth': 6, 'min_samples_leaf': 5, 'min_samples_split': 10}",0.9937241173205823,0.9942171862663508,0.9940452052163149,0.993995502934416,0.00020433956043765995,82,0.9941096124295714,0.9939391352597209,0.994044315416471,0.9940310210352544,7.022901484433856e-05
1.5032485326131184,0.04210998079843734,0.20930012067159018,0.0068534312793806194,gini,6,10,10,"{'criterion': 'gini', 'max_depth': 6, 'min_samples_leaf': 10, 'min_samples_split': 10}",0.9937241173205823,0.9942171862663508,0.9940452052163149,0.993995502934416,0.00020433956043765995,82,0.9941096124295714,0.9939391352597209,0.994044315416471,0.9940310210352544,7.022901484433856e-05
1.279825210571289,0.03442986772406743,0.19310426712036133,0.003631370751039213,gini,6,1,10,"{'criterion': 'gini', 'max_depth': 6, 'min_samples_leaf': 1, 'min_samples_split': 10}",0.9937241173205823,0.9942171862663508,0.9940452052163149,0.993995502934416,0.00020433956043765995,82,0.9941204716427466,0.9939391352597209,0.9940551790383692,0.994038261980279,7.499049314429876e-05
1.4268780549367268,0.041941339000533095,0.23998228708902994,0.005917969429047503,gini,6,5,2,"{'criterion': 'gini', 'max_depth': 6, 'min_samples_leaf': 5, 'min_samples_split': 2}",0.9937241173205823,0.9942171862663508,0.9940452052163149,0.993995502934416,0.00020433956043765995,82,0.9941096124295714,0.9939391352597209,0.994044315416471,0.9940310210352544,7.022901484433856e-05
1.281932274500529,0.042940129196717775,0.1751694679260254,0.004761705081646051,gini,6,1,2,"{'criterion': 'gini', 'max_depth': 6, 'min_samples_leaf': 1, 'min_samples_split': 2}",0.9937241173205823,0.9942171862663508,0.9940452052163149,0.993995502934416,0.00020433956043765995,82,0.9941204716427466,0.9939391352597209,0.9940551790383692,0.994038261980279,7.499049314429876e-05
3.2139004866282144,0.030955228517252797,0.2603890895843506,0.010713391716681175,gini,4,1,2,"{'criterion': 'gini', 'max_depth': 4, 'min_samples_leaf': 1, 'min_samples_split': 2}",0.9932507475437847,0.9935751029904587,0.9938299280514101,0.9935519261952179,0.00023701671949679108,91,0.9937856364917675,0.9934143816243102,0.9936152039291053,0.9936050740150609,0.00015173333081782244
1.2882097562154133,0.0022157708394452973,0.1842039426167806,0.020579565286200877,gini,4,10,20,"{'criterion': 'gini', 'max_depth': 4, 'min_samples_leaf': 10, 'min_samples_split': 20}",0.9932507475437847,0.9935751029904587,0.9938299280514101,0.9935519261952179,0.00023701671949679108,91,0.9937856364917675,0.9934143816243102,0.9936152039291053,0.9936050740150609,0.00015173333081782244
2.540536721547445,0.1260865163740713,0.22101767857869467,0.057651985153657506,gini,4,5,10,"{'criterion': 'gini', 'max_depth': 4, 'min_samples_leaf': 5, 'min_samples_split': 10}",0.9932507475437847,0.9935751029904587,0.9938299280514101,0.9935519261952179,0.00023701671949679108,91,0.9937856364917675,0.9934143816243102,0.9936152039291053,0.9936050740150609,0.00015173333081782244
1.188982884089152,0.8251377227400996,0.1439992586771647,0.021841793361197417,gini,4,5,20,"{'criterion': 'gini', 'max_depth': 4, 'min_samples_leaf': 5, 'min_samples_split': 20}",0.9932507475437847,0.9935751029904587,0.9938299280514101,0.9935519261952179,0.00023701671949679108,91,0.9937856364917675,0.9934143816243102,0.9936152039291053,0.9936050740150609,0.00015173333081782244
0.727358341217041,0.0829849279358663,0.19575699170430502,0.019478636087219836,gini,4,10,2,"{'criterion': 'gini', 'max_depth': 4, 'min_samples_leaf': 10, 'min_samples_split': 2}",0.9932507475437847,0.9935751029904587,0.9938299280514101,0.9935519261952179,0.00023701671949679108,91,0.9937856364917675,0.9934143816243102,0.9936152039291053,0.9936050740150609,0.00015173333081782244
1.1224932670593262,0.11956733299552703,0.19556903839111328,0.026459933608721196,gini,4,10,10,"{'criterion': 'gini', 'max_depth': 4, 'min_samples_leaf': 10, 'min_samples_split': 10}",0.9932507475437847,0.9935751029904587,0.9938299280514101,0.9935519261952179,0.00023701671949679108,91,0.9937856364917675,0.9934143816243102,0.9936152039291053,0.9936050740150609,0.00015173333081782244
3.070673147837321,0.20174780580374604,0.24951791763305664,0.014084354006171184,gini,4,1,20,"{'criterion': 'gini', 'max_depth': 4, 'min_samples_leaf': 1, 'min_samples_split': 20}",0.9932507475437847,0.9935751029904587,0.9938299280514101,0.9935519261952179,0.00023701671949679108,91,0.9937856364917675,0.9934143816243102,0.9936152039291053,0.9936050740150609,0.00015173333081782244
3.258366902669271,0.012878804066545933,0.24669369061787924,0.00600457023854262,gini,4,1,10,"{'criterion': 'gini', 'max_depth': 4, 'min_samples_leaf': 1, 'min_samples_split': 10}",0.9932507475437847,0.9935751029904587,0.9938299280514101,0.9935519261952179,0.00023701671949679108,91,0.9937856364917675,0.9934143816243102,0.9936152039291053,0.9936050740150609,0.00015173333081782244
2.7051804065704346,0.03203205441553756,0.24789230028788248,0.015798765322464232,gini,4,5,2,"{'criterion': 'gini', 'max_depth': 4, 'min_samples_leaf': 5, 'min_samples_split': 2}",0.9932507475437847,0.9935751029904587,0.9938299280514101,0.9935519261952179,0.00023701671949679108,91,0.9937856364917675,0.9934143816243102,0.9936152039291053,0.9936050740150609,0.00015173333081782244
3.5618700981140137,0.2653046127978839,0.5901881059010824,0.04560202949773152,entropy,4,10,20,"{'criterion': 'entropy', 'max_depth': 4, 'min_samples_leaf': 10, 'min_samples_split': 20}",0.9931894361536326,0.9935751029904587,0.9935045510875603,0.9934230300772172,0.0001676682907854535,100,0.9936071889774704,0.9934143816243102,0.9933757852899696,0.9934657852972499,0.00010122143989299747
1.1838388442993164,0.011238394621124042,0.19745731353759766,0.0153732056246309,entropy,4,5,2,"{'criterion': 'entropy', 'max_depth': 4, 'min_samples_leaf': 5, 'min_samples_split': 2}",0.9931894361536326,0.9935751029904587,0.9935045510875603,0.9934230300772172,0.0001676682907854535,100,0.9936071889774704,0.9934143816243102,0.9933757852899696,0.9934657852972499,0.00010122143989299747
1.2266743977864583,0.01740735842553581,0.1876218318939209,0.006702765299159172,entropy,4,5,10,"{'criterion': 'entropy', 'max_depth': 4, 'min_samples_leaf': 5, 'min_samples_split': 10}",0.9931894361536326,0.9935751029904587,0.9935045510875603,0.9934230300772172,0.0001676682907854535,100,0.9936071889774704,0.9934143816243102,0.9933757852899696,0.9934657852972499,0.00010122143989299747
1.355056365331014,0.04499342931389846,0.18097639083862305,0.0027453127040039673,entropy,4,1,20,"{'criterion': 'entropy', 'max_depth': 4, 'min_samples_leaf': 1, 'min_samples_split': 20}",0.9931894361536326,0.9935751029904587,0.9935045510875603,0.9934230300772172,0.0001676682907854535,100,0.9936071889774704,0.9934143816243102,0.9933757852899696,0.9934657852972499,0.00010122143989299747
1.5443103313446045,0.040295252284792485,0.1943079630533854,0.021522474647668967,entropy,4,1,10,"{'criterion': 'entropy', 'max_depth': 4, 'min_samples_leaf': 1, 'min_samples_split': 10}",0.9931894361536326,0.9935751029904587,0.9935045510875603,0.9934230300772172,0.0001676682907854535,100,0.9936071889774704,0.9934143816243102,0.9933757852899696,0.9934657852972499,0.00010122143989299747
1.5936312675476074,0.024217142914558277,0.24762447675069174,0.015685046358066553,entropy,4,1,2,"{'criterion': 'entropy', 'max_depth': 4, 'min_samples_leaf': 1, 'min_samples_split': 2}",0.9931894361536326,0.9935751029904587,0.9935045510875603,0.9934230300772172,0.0001676682907854535,100,0.9936071889774704,0.9934143816243102,0.9933757852899696,0.9934657852972499,0.00010122143989299747
2.243155320485433,0.33408365368830417,0.7135750452677408,0.03596949964396505,entropy,4,10,10,"{'criterion': 'entropy', 'max_depth': 4, 'min_samples_leaf': 10, 'min_samples_split': 10}",0.9931894361536326,0.9935751029904587,0.9935045510875603,0.9934230300772172,0.0001676682907854535,100,0.9936071889774704,0.9934143816243102,0.9933757852899696,0.9934657852972499,0.00010122143989299747
1.3715403079986572,0.12938805511137322,0.40256110827128094,0.09351535579055674,entropy,4,10,2,"{'criterion': 'entropy', 'max_depth': 4, 'min_samples_leaf': 10, 'min_samples_split': 2}",0.9931894361536326,0.9935751029904587,0.9935045510875603,0.9934230300772172,0.0001676682907854535,100,0.9936071889774704,0.9934143816243102,0.9933757852899696,0.9934657852972499,0.00010122143989299747
1.2309829394022624,0.01915064377065348,0.21317299207051596,0.017481182233991636,entropy,4,5,20,"{'criterion': 'entropy', 'max_depth': 4, 'min_samples_leaf': 5, 'min_samples_split': 20}",0.9931894361536326,0.9935751029904587,0.9935045510875603,0.9934230300772172,0.0001676682907854535,100,0.9936071889774704,0.9934143816243102,0.9933757852899696,0.9934657852972499,0.00010122143989299747
