feature_name,comparison_type,candidate_name,label_group,scheme_group,compared_rows,exact_match_count,exact_match_percentage,mae,median_absolute_error,pearson_correlation,modal_delta,modal_delta_count,top_delta_distribution
URLLength,current_mapping,url_length,all,all,235795,48644,20.629784346572233,0.7938590724994169,1.0,0.999953373887072,-1.0,187149,-1:187149; 0:48644; -4:1; -35:1
URLLength,current_mapping,url_length,phishing,all,100945,48644,48.18861756402001,0.5184803605924018,1.0,0.9999656477423668,-1.0,52299,-1:52299; 0:48644; -4:1; -35:1
URLLength,current_mapping,url_length,legitimate,all,134850,0,0.0,1.0,1.0,1.0,-1.0,134850,-1:134850
URLLength,current_mapping,url_length,all,http,51749,18148,35.069276700999055,0.6493072329900095,1.0,0.9999423882165054,-1.0,33601,-1:33601; 0:18148
URLLength,current_mapping,url_length,all,https,184046,30496,16.569770600828054,0.8345033306890669,1.0,0.9999589983864012,-1.0,153548,-1:153548; 0:30496; -4:1; -35:1
DomainLength,current_mapping,domain_length,all,all,235795,235759,99.98473250068915,0.0014970631268686784,0.0,0.9998353227553248,0.0,235759,0:235759; 5:14; 4:10; 6:2; 19:1
DomainLength,current_mapping,domain_length,phishing,all,100945,100909,99.96433701520631,0.0034969537867155383,0.0,0.9997837494276457,0.0,100909,0:100909; 5:14; 4:10; 6:2; 19:1
DomainLength,current_mapping,domain_length,legitimate,all,134850,134850,100.0,0.0,0.0,1.0,0.0,134850,0:134850
IsDomainIP,current_mapping,domain_is_ip,all,all,235795,235765,99.98727708390763,0.00012722916092368372,0.0,0.9761436863412627,0.0,235765,0:235765; 1:30
IsDomainIP,current_mapping,domain_is_ip,phishing,all,100945,100915,99.97028084600525,0.00029719153994749615,0.0,0.9760599998126408,0.0,100915,0:100915; 1:30
IsDomainIP,current_mapping,domain_is_ip,legitimate,all,134850,134850,100.0,0.0,0.0,,0.0,134850,0:134850
NoOfSubDomain,current_mapping,number_of_subdomains,all,all,235795,235179,99.73875612290337,0.005220636569901822,0.0,0.985611344722764,0.0,235179,0:235179; 2:613; 1:2; 3:1
NoOfSubDomain,current_mapping,number_of_subdomains,phishing,all,100945,100329,99.38976670464113,0.012194759522512259,0.0,0.980677346339207,0.0,100329,0:100329; 2:613; 1:2; 3:1
NoOfSubDomain,current_mapping,number_of_subdomains,legitimate,all,134850,134850,100.0,0.0,0.0,1.0,0.0,134850,0:134850
NoOfLettersInURL,current_mapping,number_of_letters,all,all,235795,0,0.0,7.776814605907674,9.0,0.998259659851523,-9.0,135933,-9:135933; -5:43615; -8:30323; -7:10434; -4:9848
NoOfLettersInURL,current_mapping,number_of_letters,phishing,all,100945,0,0.0,6.142671751944128,5.0,0.9993092001783302,-5.0,43615,-5:43615; -8:30323; -7:10434; -4:9848; -6:5177
NoOfLettersInURL,current_mapping,number_of_letters,legitimate,all,134850,0,0.0,9.000088987764183,9.0,0.9999941653721215,-9.0,134846,-9:134846; -12:4
LetterRatioInURL,current_mapping,letter_ratio,all,all,235795,0,0.0,0.26144359019784136,0.2813333333333333,0.5061829025351655,-0.327692307692,8583,-0.327692307692:8583; -0.342:8434; -0.314814814815:8379; -0.356666666667:7966; -0.302428571429:7802
LetterRatioInURL,current_mapping,letter_ratio,phishing,all,100945,0,0.0,0.1788752930405469,0.1475294117647058,0.6800203486876474,-0.327608695652,1644,-0.327608695652:1644; -0.343727272727:1530; -0.313666666667:1488; -0.3:1409; -0.361904761905:1193
LetterRatioInURL,current_mapping,letter_ratio,legitimate,all,134850,0,0.0,0.323251945826637,0.31481481481481477,0.9354372502091768,-0.327692307692,8565,-0.327692307692:8565; -0.342:8419; -0.314814814815:8358; -0.356666666667:7947; -0.302428571429:7784
NoOfDegitsInURL,current_mapping,number_of_digits,all,all,235795,234584,99.4864182870714,0.005161262961470769,0.0,0.9999813548119266,0.0,234584,0:234584; -1:1210; -7:1
NoOfDegitsInURL,current_mapping,number_of_digits,phishing,all,100945,99734,98.8003368170786,0.012056070137203428,0.0,0.9999808214391085,0.0,99734,0:99734; -1:1210; -7:1
NoOfDegitsInURL,current_mapping,number_of_digits,legitimate,all,134850,134850,100.0,0.0,0.0,0.9999999999999999,0.0,134850,0:134850
DegitRatioInURL,current_mapping,digit_ratio,all,all,235795,186813,79.22687079878709,0.0004390733779748912,0.0,0.999628688261295,0.0,186813,0.0:186813; 0.000333333333:1463; -0.000470588235:1110; 0.009740740741:714; -0.000333333333:686
DegitRatioInURL,current_mapping,digit_ratio,phishing,all,100945,55523,55.0032195750161,0.0009112047976063395,0.0,0.9995482573155932,0.0,55523,0.0:55523; 0.000333333333:1463; -0.000470588235:1110; 0.009740740741:714; -0.000333333333:686
DegitRatioInURL,current_mapping,digit_ratio,legitimate,all,134850,131290,97.36002966258806,8.564878654221374e-05,0.0,0.9999714538360783,0.0,131290,0.0:131290; 0.003:214; 0.005:179; 0.00152173913:167; 0.002:155
NoOfEqualsInURL,current_mapping,number_of_equal_signs,all,all,235795,235546,99.89439979643335,0.0010560020356665748,0.0,0.9994004044973196,0.0,235546,0:235546; -1:249
NoOfEqualsInURL,current_mapping,number_of_equal_signs,phishing,all,100945,100696,99.75333102184358,0.002466689781564218,0.0,0.999397417911452,0.0,100696,0:100696; -1:249
NoOfEqualsInURL,current_mapping,number_of_equal_signs,legitimate,all,134850,134850,100.0,0.0,0.0,,0.0,134850,0:134850
NoOfQMarkInURL,current_mapping,number_of_question_marks,all,all,235795,235783,99.99491083356305,5.089166436947348e-05,0.0,0.9993211060295708,0.0,235783,0:235783; -1:12
NoOfQMarkInURL,current_mapping,number_of_question_marks,phishing,all,100945,100933,99.9881123384021,0.00011887661597899846,0.0,0.9992994958129425,0.0,100933,0:100933; -1:12
NoOfQMarkInURL,current_mapping,number_of_question_marks,legitimate,all,134850,134850,100.0,0.0,0.0,,0.0,134850,0:134850
NoOfAmpersandInURL,current_mapping,number_of_ampersands,all,all,235795,232623,98.65476367183359,0.04563710002332535,0.0,0.2388372692694959,0.0,232623,0:232623; -1:1041; -2:614; -3:213; 1:211
NoOfAmpersandInURL,current_mapping,number_of_ampersands,phishing,all,100945,97773,96.85769478428847,0.10660260537916687,0.0,0.2368407044423992,0.0,97773,0:97773; -1:1041; -2:614; -3:213; 1:211
NoOfAmpersandInURL,current_mapping,number_of_ampersands,legitimate,all,134850,134850,100.0,0.0,0.0,,0.0,134850,0:134850
NoOfOtherSpecialCharsInURL,current_mapping,special_character_count,all,all,235795,0,0.0,3.934850187663012,4.0,0.9629647904114417,-4.0,189004,-4:189004; -3:40500; -5:2998; -6:955; -7:757
NoOfOtherSpecialCharsInURL,current_mapping,special_character_count,phishing,all,100945,0,0.0,3.8477784932388923,4.0,0.9674766395757898,-4.0,54158,-4:54158; -3:40500; -5:2994; -6:955; -7:757
NoOfOtherSpecialCharsInURL,current_mapping,special_character_count,legitimate,all,134850,0,0.0,4.0000296625880605,4.0,0.9999416037650649,-4.0,134846,-4:134846; -5:4
IsHTTPS,current_mapping,uses_https_text,all,all,235795,235302,99.79092007888208,0.002090799211179202,0.0,0.9938949515840593,0.0,235302,0:235302; 1:493
IsHTTPS,current_mapping,uses_https_text,phishing,all,100945,100452,99.51161523601961,0.004883847639803853,0.0,0.9902757467117677,0.0,100452,0:100452; 1:493
IsHTTPS,current_mapping,uses_https_text,legitimate,all,134850,134850,100.0,0.0,0.0,,0.0,134850,0:134850
URLLength,candidate_definition,A_full_stripped_raw_url,all,all,235795,48644,20.629784346572233,0.7938590724994169,1.0,0.999953373887072,-1.0,187149,-1:187149; 0:48644; -4:1; -35:1
URLLength,candidate_definition,A_full_stripped_raw_url,phishing,all,100945,48644,48.18861756402001,0.5184803605924018,1.0,0.9999656477423668,-1.0,52299,-1:52299; 0:48644; -4:1; -35:1
URLLength,candidate_definition,A_full_stripped_raw_url,legitimate,all,134850,0,0.0,1.0,1.0,1.0,-1.0,134850,-1:134850
URLLength,candidate_definition,A_full_stripped_raw_url,all,http,51749,18148,35.069276700999055,0.6493072329900095,1.0,0.9999423882165054,-1.0,33601,-1:33601; 0:18148
URLLength,candidate_definition,A_full_stripped_raw_url,all,https,184046,30496,16.569770600828054,0.8345033306890669,1.0,0.9999589983864012,-1.0,153548,-1:153548; 0:30496; -4:1; -35:1
NoOfLettersInURL,candidate_definition,A_full_stripped_raw_url,all,all,235795,0,0.0,7.776814605907674,9.0,0.998259659851523,-9.0,135933,-9:135933; -5:43615; -8:30323; -7:10434; -4:9848
NoOfLettersInURL,candidate_definition,A_full_stripped_raw_url,phishing,all,100945,0,0.0,6.142671751944128,5.0,0.9993092001783302,-5.0,43615,-5:43615; -8:30323; -7:10434; -4:9848; -6:5177
NoOfLettersInURL,candidate_definition,A_full_stripped_raw_url,legitimate,all,134850,0,0.0,9.000088987764183,9.0,0.9999941653721215,-9.0,134846,-9:134846; -12:4
LetterRatioInURL,candidate_definition,A_full_stripped_raw_url,all,all,235795,0,0.0,0.26144359019784136,0.2813333333333333,0.5061829025351655,-0.327692307692,8583,-0.327692307692:8583; -0.342:8434; -0.314814814815:8379; -0.356666666667:7966; -0.302428571429:7802
LetterRatioInURL,candidate_definition,A_full_stripped_raw_url,phishing,all,100945,0,0.0,0.1788752930405469,0.1475294117647058,0.6800203486876474,-0.327608695652,1644,-0.327608695652:1644; -0.343727272727:1530; -0.313666666667:1488; -0.3:1409; -0.361904761905:1193
LetterRatioInURL,candidate_definition,A_full_stripped_raw_url,legitimate,all,134850,0,0.0,0.323251945826637,0.31481481481481477,0.9354372502091768,-0.327692307692,8565,-0.327692307692:8565; -0.342:8419; -0.314814814815:8358; -0.356666666667:7947; -0.302428571429:7784
NoOfDegitsInURL,candidate_definition,A_full_stripped_raw_url,all,all,235795,234584,99.4864182870714,0.005161262961470769,0.0,0.9999813548119266,0.0,234584,0:234584; -1:1210; -7:1
NoOfDegitsInURL,candidate_definition,A_full_stripped_raw_url,phishing,all,100945,99734,98.8003368170786,0.012056070137203428,0.0,0.9999808214391085,0.0,99734,0:99734; -1:1210; -7:1
NoOfDegitsInURL,candidate_definition,A_full_stripped_raw_url,legitimate,all,134850,134850,100.0,0.0,0.0,0.9999999999999999,0.0,134850,0:134850
DegitRatioInURL,candidate_definition,A_full_stripped_raw_url,all,all,235795,186813,79.22687079878709,0.0004390733779748912,0.0,0.999628688261295,0.0,186813,0.0:186813; 0.000333333333:1463; -0.000470588235:1110; 0.009740740741:714; -0.000333333333:686
DegitRatioInURL,candidate_definition,A_full_stripped_raw_url,phishing,all,100945,55523,55.0032195750161,0.0009112047976063395,0.0,0.9995482573155932,0.0,55523,0.0:55523; 0.000333333333:1463; -0.000470588235:1110; 0.009740740741:714; -0.000333333333:686
DegitRatioInURL,candidate_definition,A_full_stripped_raw_url,legitimate,all,134850,131290,97.36002966258806,8.564878654221374e-05,0.0,0.9999714538360783,0.0,131290,0.0:131290; 0.003:214; 0.005:179; 0.00152173913:167; 0.002:155
NoOfOtherSpecialCharsInURL,candidate_definition,A_full_stripped_raw_url,all,all,235795,0,0.0,3.934850187663012,4.0,0.9629647904114417,-4.0,189004,-4:189004; -3:40500; -5:2998; -6:955; -7:757
NoOfOtherSpecialCharsInURL,candidate_definition,A_full_stripped_raw_url,phishing,all,100945,0,0.0,3.8477784932388923,4.0,0.9674766395757898,-4.0,54158,-4:54158; -3:40500; -5:2994; -6:955; -7:757
NoOfOtherSpecialCharsInURL,candidate_definition,A_full_stripped_raw_url,legitimate,all,134850,0,0.0,4.0000296625880605,4.0,0.9999416037650649,-4.0,134846,-4:134846; -5:4
NoOfOtherSpecialCharsInURL,candidate_definition,A_full_stripped_raw_url_other_special,all,all,235795,14,0.005937360843105239,1.9016730634661465,1.0,0.8612148371748061,1.0,144464,1:144464; 2:41602; 3:24190; 4:9672; 5:6427
NoOfOtherSpecialCharsInURL,candidate_definition,A_full_stripped_raw_url_other_special,phishing,all,100945,10,0.00990638466491654,2.8902768834513846,2.0,0.8753222592090983,1.0,29607,1:29607; 2:23364; 3:22499; 4:9612; 5:6427
NoOfOtherSpecialCharsInURL,candidate_definition,A_full_stripped_raw_url_other_special,legitimate,all,134850,4,0.0029662588060808304,1.1616314423433445,1.0,0.5977276326586819,1.0,114857,1:114857; 2:18238; 3:1691; 4:60; 0:4
SpacialCharRatioInURL,candidate_definition,A_full_stripped_raw_url,all,all,235795,0,0.0,0.13091690791161456,0.13641379310344828,0.3071222083708958,-0.158,10265,-0.158:10265; -0.152307692308:10052; -0.165333333333:9943; -0.147185185185:9757; -0.172391304348:9176
SpacialCharRatioInURL,candidate_definition,A_full_stripped_raw_url,phishing,all,100945,0,0.0,0.1058820194846296,0.1014137931034483,0.2874062537558608,-0.145222222222,1984,-0.145222222222:1984; -0.172391304348:1911; -0.179272727273:1834; -0.165333333333:1711; -0.158:1581
SpacialCharRatioInURL,candidate_definition,A_full_stripped_raw_url,legitimate,all,134850,0,0.0,0.14965733662694267,0.14718518518518517,0.7174767220375057,-0.152307692308,8796,-0.152307692308:8796; -0.158:8684; -0.147185185185:8563; -0.165333333333:8232; -0.141571428571:7963
SpacialCharRatioInURL,candidate_definition,A_full_stripped_raw_url_other_special,all,all,235795,4,0.0016963888123157828,0.05517477904265135,0.045,0.6718931590798977,0.043,11697,0.043:11697; 0.042:10995; 0.04:10732; 0.045:10474; 0.038:10266
SpacialCharRatioInURL,candidate_definition,A_full_stripped_raw_url_other_special,phishing,all,100945,0,0.0,0.06809236666335601,0.065,0.6567329099662934,0.045,3183,0.045:3183; 0.048:2863; 0.043:2842; 0.053:2414; 0.077:2406
SpacialCharRatioInURL,candidate_definition,A_full_stripped_raw_url_other_special,legitimate,all,134850,4,0.0029662588060808304,0.04550502833911384,0.04,0.4987474566594113,0.043,8855,0.043:8855; 0.04:8796; 0.042:8690; 0.038:8563; 0.037:7963
URLLength,candidate_definition,B_scheme_prefix_removed,all,all,235795,0,0.0,6.986903878368922,7.0,0.9999211388207052,7.0,171696,7:171696; 6:33601; 8:30496; 4:1; -27:1
URLLength,candidate_definition,B_scheme_prefix_removed,phishing,all,100945,0,0.0,6.969409084154738,7.0,0.999916342160176,7.0,36846,7:36846; 6:33601; 8:30496; 4:1; -27:1
URLLength,candidate_definition,B_scheme_prefix_removed,legitimate,all,134850,0,0.0,7.0,7.0,1.0,7.0,134850,7:134850
URLLength,candidate_definition,B_scheme_prefix_removed,all,http,51749,0,0.0,6.35069276700999,6.0,0.9999423882165054,6.0,33601,6:33601; 7:18148
URLLength,candidate_definition,B_scheme_prefix_removed,all,https,184046,0,0.0,7.165790074220575,7.0,0.9999589983864012,7.0,153548,7:153548; 8:30496; 4:1; -27:1
NoOfLettersInURL,candidate_definition,B_scheme_prefix_removed,all,all,235795,51237,21.72946839415594,2.9962806675289975,4.0,0.9983745507397277,-4.0,164831,-4:164831; 0:51237; -3:11838; -1:7403; -10:285
NoOfLettersInURL,candidate_definition,B_scheme_prefix_removed,phishing,all,100945,51237,50.75734310763287,1.655317251968894,0.0,0.999019208205321,0.0,51237,0:51237; -4:29985; -3:11838; -1:7403; -10:285
NoOfLettersInURL,candidate_definition,B_scheme_prefix_removed,legitimate,all,134850,0,0.0,4.000088987764182,4.0,0.9999941653721215,-4.0,134846,-4:134846; -7:4
LetterRatioInURL,candidate_definition,B_scheme_prefix_removed,all,all,235795,66,0.027990415403210418,0.32261462776880045,0.357090909090909,0.33282111074979026,-0.408888888889,8583,-0.408888888889:8583; -0.424352941176:8434; -0.394736842105:8379; -0.44:7966; -0.381:7802
LetterRatioInURL,candidate_definition,B_scheme_prefix_removed,phishing,all,100945,66,0.06538213878844915,0.22306722918939545,0.19014285714285706,0.5364246129054719,-0.42,1644,-0.42:1644; -0.437666666667:1530; -0.404352941176:1470; -0.388888888889:1414; -0.457142857143:1193
LetterRatioInURL,candidate_definition,B_scheme_prefix_removed,legitimate,all,134850,0,0.0,0.39713307159229355,0.39473684210526316,0.8181896385784534,-0.408888888889,8565,-0.408888888889:8565; -0.424352941176:8419; -0.394736842105:8358; -0.44:7947; -0.381:7784
NoOfDegitsInURL,candidate_definition,B_scheme_prefix_removed,all,all,235795,234584,99.4864182870714,0.005161262961470769,0.0,0.9999813548119266,0.0,234584,0:234584; -1:1210; -7:1
NoOfDegitsInURL,candidate_definition,B_scheme_prefix_removed,phishing,all,100945,99734,98.8003368170786,0.012056070137203428,0.0,0.9999808214391085,0.0,99734,0:99734; -1:1210; -7:1
NoOfDegitsInURL,candidate_definition,B_scheme_prefix_removed,legitimate,all,134850,134850,100.0,0.0,0.0,0.9999999999999999,0.0,134850,0:134850
DegitRatioInURL,candidate_definition,B_scheme_prefix_removed,all,all,235795,184231,78.13185182043725,0.006396735934889387,0.0,0.9933925453251855,0.0,184231,0.0:184231; -0.054769230769:1052; -0.081:713; -0.014081081081:566; -0.022448275862:541
DegitRatioInURL,candidate_definition,B_scheme_prefix_removed,phishing,all,100945,52941,52.44539105453465,0.013703482059024217,0.0,0.9922814338623189,0.0,52941,0.0:52941; -0.054769230769:1052; -0.081:713; -0.014081081081:566; -0.022448275862:541
DegitRatioInURL,candidate_definition,B_scheme_prefix_removed,legitimate,all,134850,131290,97.36002966258806,0.00092710680992987,0.0,0.9975755002772494,0.0,131290,0.0:131290; -0.021666666667:167; -0.016823529412:151; -0.026923076923:150; -0.0195:145
NoOfOtherSpecialCharsInURL,candidate_definition,B_scheme_prefix_removed,all,all,235795,40500,17.175936724697298,0.9348501876630123,1.0,0.9629647904114417,-1.0,189004,-1:189004; 0:40500; -2:2998; -3:955; -4:757
NoOfOtherSpecialCharsInURL,candidate_definition,B_scheme_prefix_removed,phishing,all,100945,40500,40.120857892911985,0.8477784932388924,1.0,0.9674766395757898,-1.0,54158,-1:54158; 0:40500; -2:2994; -3:955; -4:757
NoOfOtherSpecialCharsInURL,candidate_definition,B_scheme_prefix_removed,legitimate,all,134850,0,0.0,1.000029662588061,1.0,0.9999416037650645,-1.0,134846,-1:134846; -2:4
NoOfOtherSpecialCharsInURL,candidate_definition,B_scheme_prefix_removed_other_special,all,all,235795,14,0.005937360843105239,1.9016730634661465,1.0,0.8612148371748061,1.0,144464,1:144464; 2:41602; 3:24190; 4:9672; 5:6427
NoOfOtherSpecialCharsInURL,candidate_definition,B_scheme_prefix_removed_other_special,phishing,all,100945,10,0.00990638466491654,2.8902768834513846,2.0,0.8753222592090983,1.0,29607,1:29607; 2:23364; 3:22499; 4:9612; 5:6427
NoOfOtherSpecialCharsInURL,candidate_definition,B_scheme_prefix_removed_other_special,legitimate,all,134850,4,0.0029662588060808304,1.1616314423433445,1.0,0.5977276326586819,1.0,114857,1:114857; 2:18238; 3:1691; 4:60; 0:4
SpacialCharRatioInURL,candidate_definition,B_scheme_prefix_removed,all,all,235795,1,0.0004240972030789457,0.06311759373546555,0.063,0.6691210730248324,-0.071111111111,9246,-0.071111111111:9246; -0.075647058824:9183; -0.067263157895:8984; -0.082:8831; -0.063:8475
SpacialCharRatioInURL,candidate_definition,B_scheme_prefix_removed,phishing,all,100945,1,0.000990638466491654,0.047560167144424466,0.044135135135135145,0.6887895339343789,-0.08,1854,-0.08:1854; -0.085333333333:1777; -0.074647058824:1653; -0.069111111111:1533; -0.092857142857:1511
SpacialCharRatioInURL,candidate_definition,B_scheme_prefix_removed,legitimate,all,134850,0,0.0,0.07476345526481402,0.0711111111111111,0.8606159915980021,-0.071111111111,8796,-0.071111111111:8796; -0.075647058824:8684; -0.067263157895:8563; -0.082:8232; -0.063:7963
SpacialCharRatioInURL,candidate_definition,B_scheme_prefix_removed_other_special,all,all,235795,4,0.0016963888123157828,0.053053013483899444,0.045,0.6600815158494114,0.042,10907,0.042:10907; 0.043:10798; 0.04:10574; 0.045:10490; 0.038:10269
SpacialCharRatioInURL,candidate_definition,B_scheme_prefix_removed_other_special,phishing,all,100945,0,0.0,0.06464929204154155,0.06,0.6507476016030465,0.045,3204,0.045:3204; 0.048:2872; 0.043:2556; 0.077:2406; 0.053:2326
SpacialCharRatioInURL,candidate_definition,B_scheme_prefix_removed_other_special,legitimate,all,134850,4,0.0029662588060808304,0.044372358393049004,0.04,0.5023459969345981,0.04,8796,0.04:8796; 0.042:8688; 0.038:8563; 0.043:8242; 0.037:7963
URLLength,candidate_definition,B2_scheme_and_www_prefix_removed,all,all,235795,0,0.0,9.982658665366102,11.0,0.9993606859578157,11.0,146330,11:146330; 8:29441; 10:29211; 7:25366; 6:4390
URLLength,candidate_definition,B2_scheme_and_www_prefix_removed,phishing,all,100945,0,0.0,8.62361682104116,8.0,0.9996893825610627,8.0,29441,8:29441; 10:29211; 7:25366; 11:11480; 6:4390
URLLength,candidate_definition,B2_scheme_and_www_prefix_removed,legitimate,all,134850,0,0.0,11.0,11.0,0.9999999999999998,11.0,134850,11:134850
URLLength,candidate_definition,B2_scheme_and_www_prefix_removed,all,http,51749,0,0.0,9.388200738178515,10.0,0.999364900575061,10.0,29211,10:29211; 11:10086; 7:8062; 6:4390
URLLength,candidate_definition,B2_scheme_and_www_prefix_removed,all,https,184046,0,0.0,10.14980494006933,11.0,0.9993942317244263,11.0,136244,11:136244; 8:29441; 7:17304; 12:1055; 4:1
NoOfLettersInURL,candidate_definition,B2_scheme_and_www_prefix_removed,all,all,235795,63023,26.72787802964439,0.7494645772811128,1.0,0.9997886756131134,-1.0,172157,-1:172157; 0:63023; -10:284; -5:104; -4:91
NoOfLettersInURL,candidate_definition,B2_scheme_and_www_prefix_removed,phishing,all,100945,63023,62.4330080737035,0.4146614493040765,0.0,0.999826307549523,0.0,63023,0:63023; -1:37311; -10:284; -5:104; -4:87
NoOfLettersInURL,candidate_definition,B2_scheme_and_www_prefix_removed,legitimate,all,134850,0,0.0,1.0000889877641825,1.0,0.9999941653721219,-1.0,134846,-1:134846; -4:4
LetterRatioInURL,candidate_definition,B2_scheme_and_www_prefix_removed,all,all,235795,66,0.027990415403210418,0.34526790577018834,0.38235294117647056,0.24923104526923295,-0.448571428571,8583,-0.448571428571:8583; -0.465076923077:8434; -0.433333333333:8379; -0.481666666667:7966; -0.4185:7802
LetterRatioInURL,candidate_definition,B2_scheme_and_www_prefix_removed,phishing,all,100945,66,0.06538213878844915,0.23147750908874584,0.18999999999999995,0.48544534187852517,-0.461666666667,1644,-0.461666666667:1644; -0.480090909091:1530; -0.445076923077:1470; -0.428571428571:1409; -0.5:1193
LetterRatioInURL,candidate_definition,B2_scheme_and_www_prefix_removed,legitimate,all,134850,0,0.0,0.4304482661187846,0.42915384615384616,0.7074068485902388,-0.448571428571,8565,-0.448571428571:8565; -0.465076923077:8419; -0.433333333333:8358; -0.481666666667:7947; -0.4185:7784
NoOfDegitsInURL,candidate_definition,B2_scheme_and_www_prefix_removed,all,all,235795,234584,99.4864182870714,0.005161262961470769,0.0,0.9999813548119266,0.0,234584,0:234584; -1:1210; -7:1
NoOfDegitsInURL,candidate_definition,B2_scheme_and_www_prefix_removed,phishing,all,100945,99734,98.8003368170786,0.012056070137203428,0.0,0.9999808214391085,0.0,99734,0:99734; -1:1210; -7:1
NoOfDegitsInURL,candidate_definition,B2_scheme_and_www_prefix_removed,legitimate,all,134850,134850,100.0,0.0,0.0,0.9999999999999999,0.0,134850,0:134850
DegitRatioInURL,candidate_definition,B2_scheme_and_www_prefix_removed,all,all,235795,184231,78.13185182043725,0.008614489244229204,0.0,0.9780156475985015,0.0,184231,0.0:184231; -0.054769230769:1052; -0.1685:711; -0.014081081081:566; -0.022448275862:541
DegitRatioInURL,candidate_definition,B2_scheme_and_www_prefix_removed,phishing,all,100945,52941,52.44539105453465,0.01746424625045108,0.0,0.9770340406571938,0.0,52941,0.0:52941; -0.054769230769:1052; -0.1685:711; -0.014081081081:566; -0.022448275862:541
DegitRatioInURL,candidate_definition,B2_scheme_and_www_prefix_removed,legitimate,all,134850,131290,97.36002966258806,0.0019898046243325253,0.0,0.9883896021642428,0.0,131290,0.0:131290; -0.045909090909:167; -0.034923076923:151; -0.061111111111:150; -0.040333333333:145
NoOfOtherSpecialCharsInURL,candidate_definition,B2_scheme_and_www_prefix_removed,all,all,235795,215785,91.5138149663903,0.18591149091371742,0.0,0.973848051423349,0.0,215785,0:215785; -1:14354; -2:2670; -4:755; -3:682
NoOfOtherSpecialCharsInURL,candidate_definition,B2_scheme_and_www_prefix_removed,phishing,all,100945,80939,80.18128683936797,0.43422655901728663,0.0,0.9736942831755742,0.0,80939,0:80939; -1:14350; -2:2670; -4:755; -3:682
NoOfOtherSpecialCharsInURL,candidate_definition,B2_scheme_and_www_prefix_removed,legitimate,all,134850,134846,99.99703374119392,2.9662588060808306e-05,0.0,0.9999416037650647,0.0,134846,0:134846; -1:4
NoOfOtherSpecialCharsInURL,candidate_definition,B2_scheme_and_www_prefix_removed_other_special,all,all,235795,14,0.005937360843105239,1.9016730634661465,1.0,0.8612148371748061,1.0,144464,1:144464; 2:41602; 3:24190; 4:9672; 5:6427
NoOfOtherSpecialCharsInURL,candidate_definition,B2_scheme_and_www_prefix_removed_other_special,phishing,all,100945,10,0.00990638466491654,2.8902768834513846,2.0,0.8753222592090983,1.0,29607,1:29607; 2:23364; 3:22499; 4:9612; 5:6427
NoOfOtherSpecialCharsInURL,candidate_definition,B2_scheme_and_www_prefix_removed_other_special,legitimate,all,134850,4,0.0029662588060808304,1.1616314423433445,1.0,0.5977276326586819,1.0,114857,1:114857; 2:18238; 3:1691; 4:60; 0:4
SpacialCharRatioInURL,candidate_definition,B2_scheme_and_www_prefix_removed,all,all,235795,1,0.0004240972030789457,0.03824656242473791,0.032111111111111104,0.8610048869276856,-0.031428571429,9336,-0.031428571429:9336; -0.034923076923:9153; -0.028666666667:8979; -0.040333333333:8735; -0.0255:8314
SpacialCharRatioInURL,candidate_definition,B2_scheme_and_www_prefix_removed,phishing,all,100945,1,0.000990638466491654,0.035389123053647234,0.030647058823529416,0.8555686500121337,-0.038333333333,1871,-0.038333333333:1871; -0.042909090909:1758; -0.048:1695; -0.033923076923:1682; -0.05:1598
SpacialCharRatioInURL,candidate_definition,B2_scheme_and_www_prefix_removed,legitimate,all,134850,0,0.0,0.04038556292392033,0.034923076923076925,0.9299258467965686,-0.031428571429,8796,-0.031428571429:8796; -0.034923076923:8684; -0.028666666667:8563; -0.040333333333:8232; -0.0255:7963
SpacialCharRatioInURL,candidate_definition,B2_scheme_and_www_prefix_removed_other_special,all,all,235795,103,0.043682011917131405,0.052259774116705494,0.045,0.628654015149952,0.042,10907,0.042:10907; 0.043:10855; 0.04:10577; 0.045:10501; 0.038:10270
SpacialCharRatioInURL,candidate_definition,B2_scheme_and_www_prefix_removed_other_special,phishing,all,100945,99,0.09807320818267372,0.06396360845211568,0.05966666666666666,0.6279329517398619,0.045,3219,0.045:3219; 0.048:2878; 0.043:2570; 0.077:2408; 0.05:2352
SpacialCharRatioInURL,candidate_definition,B2_scheme_and_www_prefix_removed_other_special,legitimate,all,134850,4,0.0029662588060808304,0.04349860572969784,0.04,0.5031445310470075,0.04,8796,0.04:8796; 0.042:8688; 0.038:8563; 0.043:8285; 0.037:7963
URLLength,candidate_definition,C_hostname_path_query,all,all,235795,0,0.0,7.130342034394284,7.0,0.9070104525881652,7.0,171232,7:171232; 6:33550; 8:30093; 9:95; 33:86
URLLength,candidate_definition,C_hostname_path_query,phishing,all,100945,0,0.0,7.3044628262915445,7.0,0.9004984581553008,7.0,36382,7:36382; 6:33550; 8:30093; 9:95; 33:86
URLLength,candidate_definition,C_hostname_path_query,legitimate,all,134850,0,0.0,7.0,7.0,1.0,7.0,134850,7:134850
URLLength,candidate_definition,C_hostname_path_query,all,http,51749,0,0.0,6.4055537305068695,6.0,0.9976439440685853,6.0,33550,6:33550; 7:18101; 25:21; 26:15; 31:10
URLLength,candidate_definition,C_hostname_path_query,all,https,184046,0,0.0,7.334133857839888,7.0,0.8762044841711151,7.0,153131,7:153131; 8:30087; 9:93; 33:86; 15:68
NoOfLettersInURL,candidate_definition,C_hostname_path_query,all,all,235795,50851,21.565766873767465,3.098538985135393,4.0,0.8584587552546341,-4.0,164822,-4:164822; 0:50851; -3:11813; -1:7070; -10:285
NoOfLettersInURL,candidate_definition,C_hostname_path_query,phishing,all,100945,50851,50.3749566595671,1.8941799990093615,0.0,0.8456991495055769,0.0,50851,0:50851; -4:29976; -3:11813; -1:7070; -10:285
NoOfLettersInURL,candidate_definition,C_hostname_path_query,legitimate,all,134850,0,0.0,4.000088987764182,4.0,0.9999941653721215,-4.0,134846,-4:134846; -7:4
LetterRatioInURL,candidate_definition,C_hostname_path_query,all,all,235795,66,0.027990415403210418,0.3227028694224367,0.357090909090909,0.33317085443151656,-0.408888888889,8583,-0.408888888889:8583; -0.424352941176:8434; -0.394736842105:8379; -0.44:7966; -0.381:7802
LetterRatioInURL,candidate_definition,C_hostname_path_query,phishing,all,100945,66,0.06538213878844915,0.2232733507478595,0.19051282051282048,0.5363469288481558,-0.42,1644,-0.42:1644; -0.437666666667:1530; -0.404352941176:1470; -0.388888888889:1414; -0.457142857143:1193
LetterRatioInURL,candidate_definition,C_hostname_path_query,legitimate,all,134850,0,0.0,0.39713307159229355,0.39473684210526316,0.8181896385784534,-0.408888888889,8565,-0.408888888889:8565; -0.424352941176:8419; -0.394736842105:8358; -0.44:7947; -0.381:7784
NoOfDegitsInURL,candidate_definition,C_hostname_path_query,all,all,235795,234370,99.39566148561251,0.02716342585720647,0.0,0.9765930293934901,0.0,234370,0:234370; -1:1186; 2:27; 3:26; 1:23
NoOfDegitsInURL,candidate_definition,C_hostname_path_query,phishing,all,100945,99520,98.5883401852494,0.06345039377879043,0.0,0.9758065823537625,0.0,99520,0:99520; -1:1186; 2:27; 3:26; 1:23
NoOfDegitsInURL,candidate_definition,C_hostname_path_query,legitimate,all,134850,134850,100.0,0.0,0.0,0.9999999999999999,0.0,134850,0:134850
DegitRatioInURL,candidate_definition,C_hostname_path_query,all,all,235795,184232,78.13227591764033,0.006504204590082534,0.0,0.9921204034628723,0.0,184232,0.0:184232; -0.054769230769:1052; -0.081:713; -0.014081081081:566; -0.022448275862:541
DegitRatioInURL,candidate_definition,C_hostname_path_query,phishing,all,100945,52942,52.44638169300114,0.013954515508439921,0.0,0.9906611686616202,0.0,52942,0.0:52942; -0.054769230769:1052; -0.081:713; -0.014081081081:566; -0.022448275862:541
DegitRatioInURL,candidate_definition,C_hostname_path_query,legitimate,all,134850,131290,97.36002966258806,0.00092710680992987,0.0,0.9975755002772494,0.0,131290,0.0:131290; -0.021666666667:167; -0.016823529412:151; -0.026923076923:150; -0.0195:145
NoOfOtherSpecialCharsInURL,candidate_definition,C_hostname_path_query,all,all,235795,40089,17.001632774231854,0.9411268262685808,1.0,0.9575754620066029,-1.0,188826,-1:188826; 0:40089; -2:2900; -3:938; -4:732
NoOfOtherSpecialCharsInURL,candidate_definition,C_hostname_path_query,phishing,all,100945,40089,39.713705483183915,0.862439942542969,1.0,0.9617086731005707,-1.0,53980,-1:53980; 0:40089; -2:2896; -3:938; -4:732
NoOfOtherSpecialCharsInURL,candidate_definition,C_hostname_path_query,legitimate,all,134850,0,0.0,1.000029662588061,1.0,0.9999416037650645,-1.0,134846,-1:134846; -2:4
NoOfOtherSpecialCharsInURL,candidate_definition,C_hostname_path_query_other_special,all,all,235795,15,0.006361458046184186,1.9103543332131725,1.0,0.8541469525942599,1.0,144457,1:144457; 2:41562; 3:24142; 4:9620; 5:6311
NoOfOtherSpecialCharsInURL,candidate_definition,C_hostname_path_query_other_special,phishing,all,100945,11,0.010897023131408192,2.9105552528604686,2.0,0.8682789604730212,1.0,29600,1:29600; 2:23324; 3:22451; 4:9560; 5:6311
NoOfOtherSpecialCharsInURL,candidate_definition,C_hostname_path_query_other_special,legitimate,all,134850,4,0.0029662588060808304,1.1616314423433445,1.0,0.5977276326586819,1.0,114857,1:114857; 2:18238; 3:1691; 4:60; 0:4
SpacialCharRatioInURL,candidate_definition,C_hostname_path_query,all,all,235795,4,0.0016963888123157828,0.06310939191308759,0.063,0.6661140153582811,-0.071111111111,9246,-0.071111111111:9246; -0.075647058824:9183; -0.067263157895:8984; -0.082:8831; -0.063:8475
SpacialCharRatioInURL,candidate_definition,C_hostname_path_query,phishing,all,100945,4,0.003962553865966616,0.047541008704604676,0.044135135135135145,0.6845187932593214,-0.08,1855,-0.08:1855; -0.085333333333:1777; -0.074647058824:1653; -0.069111111111:1533; -0.092857142857:1511
SpacialCharRatioInURL,candidate_definition,C_hostname_path_query,legitimate,all,134850,0,0.0,0.07476345526481402,0.0711111111111111,0.8606159915980021,-0.071111111111,8796,-0.071111111111:8796; -0.075647058824:8684; -0.067263157895:8563; -0.082:8232; -0.063:7963
SpacialCharRatioInURL,candidate_definition,C_hostname_path_query_other_special,all,all,235795,4,0.0016963888123157828,0.05313891660980478,0.045,0.6553356474636455,0.042,10906,0.042:10906; 0.043:10798; 0.04:10573; 0.045:10488; 0.038:10269
SpacialCharRatioInURL,candidate_definition,C_hostname_path_query_other_special,phishing,all,100945,0,0.0,0.064849951089269,0.06017647058823529,0.6446863463264513,0.045,3202,0.045:3202; 0.048:2872; 0.043:2556; 0.077:2415; 0.053:2329
SpacialCharRatioInURL,candidate_definition,C_hostname_path_query_other_special,legitimate,all,134850,4,0.0029662588060808304,0.044372358393049004,0.04,0.5023459969345981,0.04,8796,0.04:8796; 0.042:8688; 0.038:8563; 0.043:8242; 0.037:7963
URLLength,candidate_definition,C2_hostname_without_www_path_query,all,all,235795,0,0.0,10.126062893615217,11.0,0.9065896439193215,11.0,146319,11:146319; 10:29233; 8:29063; 7:24926; 6:4344
URLLength,candidate_definition,C2_hostname_without_www_path_query,phishing,all,100945,0,0.0,8.95859131210065,8.0,0.900362175094438,10.0,29233,10:29233; 8:29063; 7:24926; 11:11469; 6:4344
URLLength,candidate_definition,C2_hostname_without_www_path_query,legitimate,all,134850,0,0.0,11.0,11.0,0.9999999999999998,11.0,134850,11:134850
URLLength,candidate_definition,C2_hostname_without_www_path_query,all,http,51749,0,0.0,9.442907109316122,10.0,0.9971120929752049,10.0,29207,10:29207; 11:10087; 7:8017; 6:4344; 25:21
URLLength,candidate_definition,C2_hostname_without_www_path_query,all,https,184046,0,0.0,10.318148723688642,11.0,0.875803097364805,11.0,136232,11:136232; 8:29057; 7:16909; 12:1042; 33:86
NoOfLettersInURL,candidate_definition,C2_hostname_without_www_path_query,all,all,235795,62612,26.553574079178947,0.8525626073496045,1.0,0.8602937751558247,-1.0,171815,-1:171815; 0:62612; -10:284; -5:103; 21:91
NoOfLettersInURL,candidate_definition,C2_hostname_without_www_path_query,phishing,all,100945,62612,62.025855663975435,0.6554856605081976,0.0,0.8467884421611204,0.0,62612,0:62612; -1:36969; -10:284; -5:103; 21:91
NoOfLettersInURL,candidate_definition,C2_hostname_without_www_path_query,legitimate,all,134850,0,0.0,1.0000889877641825,1.0,0.9999941653721219,-1.0,134846,-1:134846; -4:4
LetterRatioInURL,candidate_definition,C2_hostname_without_www_path_query,all,all,235795,66,0.027990415403210418,0.3453582059965127,0.38235294117647056,0.24951789713835582,-0.448571428571,8583,-0.448571428571:8583; -0.465076923077:8434; -0.433333333333:8382; -0.481666666667:7966; -0.4185:7802
LetterRatioInURL,candidate_definition,C2_hostname_without_www_path_query,phishing,all,100945,66,0.06538213878844915,0.23168843921768897,0.19014285714285706,0.4853695839846743,-0.461666666667,1644,-0.461666666667:1644; -0.480090909091:1530; -0.445076923077:1470; -0.428571428571:1409; -0.5:1193
LetterRatioInURL,candidate_definition,C2_hostname_without_www_path_query,legitimate,all,134850,0,0.0,0.4304482661187846,0.42915384615384616,0.7074068485902388,-0.448571428571,8565,-0.448571428571:8565; -0.465076923077:8419; -0.433333333333:8358; -0.481666666667:7947; -0.4185:7784
NoOfDegitsInURL,candidate_definition,C2_hostname_without_www_path_query,all,all,235795,234370,99.39566148561251,0.02716342585720647,0.0,0.9765930293934901,0.0,234370,0:234370; -1:1186; 2:27; 3:26; 1:23
NoOfDegitsInURL,candidate_definition,C2_hostname_without_www_path_query,phishing,all,100945,99520,98.5883401852494,0.06345039377879043,0.0,0.9758065823537625,0.0,99520,0:99520; -1:1186; 2:27; 3:26; 1:23
NoOfDegitsInURL,candidate_definition,C2_hostname_without_www_path_query,legitimate,all,134850,134850,100.0,0.0,0.0,0.9999999999999999,0.0,134850,0:134850
DegitRatioInURL,candidate_definition,C2_hostname_without_www_path_query,all,all,235795,184232,78.13227591764033,0.008722275863400762,0.0,0.9768114643100494,0.0,184232,0.0:184232; -0.054769230769:1052; -0.1685:711; -0.014081081081:566; -0.022448275862:541
DegitRatioInURL,candidate_definition,C2_hostname_without_www_path_query,phishing,all,100945,52942,52.44638169300114,0.017716022424283936,0.0,0.9754907658150128,0.0,52942,0.0:52942; -0.054769230769:1052; -0.1685:711; -0.014081081081:566; -0.022448275862:541
DegitRatioInURL,candidate_definition,C2_hostname_without_www_path_query,legitimate,all,134850,131290,97.36002966258806,0.0019898046243325253,0.0,0.9883896021642428,0.0,131290,0.0:131290; -0.045909090909:167; -0.034923076923:151; -0.061111111111:150; -0.040333333333:145
NoOfOtherSpecialCharsInURL,candidate_definition,C2_hostname_without_www_path_query,all,all,235795,215350,91.32933268305095,0.19256981700205686,0.0,0.9688741706316556,0.0,215350,0:215350; -1:14173; -2:2583; -4:735; -3:663
NoOfOtherSpecialCharsInURL,candidate_definition,C2_hostname_without_www_path_query,phishing,all,100945,80504,79.75035910644411,0.4497795829412056,0.0,0.9681612052226786,0.0,80504,0:80504; -1:14169; -2:2583; -4:735; -3:663
NoOfOtherSpecialCharsInURL,candidate_definition,C2_hostname_without_www_path_query,legitimate,all,134850,134846,99.99703374119392,2.9662588060808306e-05,0.0,0.9999416037650647,0.0,134846,0:134846; -1:4
NoOfOtherSpecialCharsInURL,candidate_definition,C2_hostname_without_www_path_query_other_special,all,all,235795,15,0.006361458046184186,1.9103543332131725,1.0,0.8541469525942599,1.0,144457,1:144457; 2:41562; 3:24142; 4:9620; 5:6311
NoOfOtherSpecialCharsInURL,candidate_definition,C2_hostname_without_www_path_query_other_special,phishing,all,100945,11,0.010897023131408192,2.9105552528604686,2.0,0.8682789604730212,1.0,29600,1:29600; 2:23324; 3:22451; 4:9560; 5:6311
NoOfOtherSpecialCharsInURL,candidate_definition,C2_hostname_without_www_path_query_other_special,legitimate,all,134850,4,0.0029662588060808304,1.1616314423433445,1.0,0.5977276326586819,1.0,114857,1:114857; 2:18238; 3:1691; 4:60; 0:4
SpacialCharRatioInURL,candidate_definition,C2_hostname_without_www_path_query,all,all,235795,4,0.0016963888123157828,0.03823677971041476,0.032111111111111104,0.8590979324158997,-0.031428571429,9334,-0.031428571429:9334; -0.034923076923:9153; -0.028666666667:8979; -0.040333333333:8735; -0.0255:8314
SpacialCharRatioInURL,candidate_definition,C2_hostname_without_www_path_query,phishing,all,100945,4,0.003962553865966616,0.03536627184631822,0.030647058823529416,0.8525516551338291,-0.038333333333,1871,-0.038333333333:1871; -0.042909090909:1758; -0.048:1695; -0.033923076923:1682; -0.05:1599
SpacialCharRatioInURL,candidate_definition,C2_hostname_without_www_path_query,legitimate,all,134850,0,0.0,0.04038556292392033,0.034923076923076925,0.9299258467965686,-0.031428571429,8796,-0.031428571429:8796; -0.034923076923:8684; -0.028666666667:8563; -0.040333333333:8232; -0.0255:7963
SpacialCharRatioInURL,candidate_definition,C2_hostname_without_www_path_query_other_special,all,all,235795,103,0.043682011917131405,0.05234679011666031,0.045,0.6239321266194164,0.042,10906,0.042:10906; 0.043:10854; 0.04:10576; 0.045:10499; 0.038:10270
SpacialCharRatioInURL,candidate_definition,C2_hostname_without_www_path_query_other_special,phishing,all,100945,99,0.09807320818267372,0.06416686703559527,0.05988888888888891,0.6218471854920191,0.045,3217,0.045:3217; 0.048:2878; 0.043:2569; 0.077:2417; 0.05:2355
SpacialCharRatioInURL,candidate_definition,C2_hostname_without_www_path_query_other_special,legitimate,all,134850,4,0.0029662588060808304,0.04349860572969784,0.04,0.5031445310470075,0.04,8796,0.04:8796; 0.042:8688; 0.038:8563; 0.043:8285; 0.037:7963
URLLength,candidate_definition,D_netloc_path_query,all,all,235795,0,0.0,7.128844971267415,7.0,0.9070211135044891,7.0,171253,7:171253; 6:33555; 8:30098; 9:95; 33:86
URLLength,candidate_definition,D_netloc_path_query,phishing,all,100945,0,0.0,7.300965872504829,7.0,0.9005098191077505,7.0,36403,7:36403; 6:33555; 8:30098; 9:95; 33:86
URLLength,candidate_definition,D_netloc_path_query,legitimate,all,134850,0,0.0,7.0,7.0,1.0,7.0,134850,7:134850
URLLength,candidate_definition,D_netloc_path_query,all,http,51749,0,0.0,6.401534329165781,6.0,0.9976648602897072,6.0,33555,6:33555; 7:18114; 25:20; 26:15; 31:9
URLLength,candidate_definition,D_netloc_path_query,all,https,184046,0,0.0,7.333346011323256,7.0,0.8762119575680738,7.0,153139,7:153139; 8:30092; 9:93; 33:86; 15:68
NoOfLettersInURL,candidate_definition,D_netloc_path_query,all,all,235795,50858,21.56873555418902,3.097856188638436,4.0,0.8584730411554011,-4.0,164822,-4:164822; 0:50858; -3:11815; -1:7070; -10:285
NoOfLettersInURL,candidate_definition,D_netloc_path_query,phishing,all,100945,50858,50.381891128832535,1.8925850710783099,0.0,0.8457133694900941,0.0,50858,0:50858; -4:29976; -3:11815; -1:7070; -10:285
NoOfLettersInURL,candidate_definition,D_netloc_path_query,legitimate,all,134850,0,0.0,4.000088987764182,4.0,0.9999941653721215,-4.0,134846,-4:134846; -7:4
LetterRatioInURL,candidate_definition,D_netloc_path_query,all,all,235795,66,0.027990415403210418,0.3226983637102131,0.357090909090909,0.33314364417296966,-0.408888888889,8583,-0.408888888889:8583; -0.424352941176:8434; -0.394736842105:8379; -0.44:7966; -0.381:7802
LetterRatioInURL,candidate_definition,D_netloc_path_query,phishing,all,100945,66,0.06538213878844915,0.22326282596293942,0.19051282051282048,0.5363264790686026,-0.42,1644,-0.42:1644; -0.437666666667:1530; -0.404352941176:1470; -0.388888888889:1414; -0.457142857143:1193
LetterRatioInURL,candidate_definition,D_netloc_path_query,legitimate,all,134850,0,0.0,0.39713307159229355,0.39473684210526316,0.8181896385784534,-0.408888888889,8565,-0.408888888889:8565; -0.424352941176:8419; -0.394736842105:8358; -0.44:7947; -0.381:7784
NoOfDegitsInURL,candidate_definition,D_netloc_path_query,all,all,235795,234402,99.40923259611102,0.026654509213511736,0.0,0.9766009709196949,0.0,234402,0:234402; -1:1186; 2:27; 1:22; 10:18
NoOfDegitsInURL,candidate_definition,D_netloc_path_query,phishing,all,100945,99552,98.62004061617714,0.06226162761900045,0.0,0.9758147212322761,0.0,99552,0:99552; -1:1186; 2:27; 1:22; 10:18
NoOfDegitsInURL,candidate_definition,D_netloc_path_query,legitimate,all,134850,134850,100.0,0.0,0.0,0.9999999999999999,0.0,134850,0:134850
DegitRatioInURL,candidate_definition,D_netloc_path_query,all,all,235795,184232,78.13227591764033,0.006503753509131442,0.0,0.9921445162091609,0.0,184232,0.0:184232; -0.054769230769:1052; -0.081:713; -0.014081081081:566; -0.022448275862:541
DegitRatioInURL,candidate_definition,D_netloc_path_query,phishing,all,100945,52942,52.44638169300114,0.01395346183928481,0.0,0.9906909368962805,0.0,52942,0.0:52942; -0.054769230769:1052; -0.081:713; -0.014081081081:566; -0.022448275862:541
DegitRatioInURL,candidate_definition,D_netloc_path_query,legitimate,all,134850,131290,97.36002966258806,0.00092710680992987,0.0,0.9975755002772494,0.0,131290,0.0:131290; -0.021666666667:167; -0.016823529412:151; -0.026923076923:150; -0.0195:145
NoOfOtherSpecialCharsInURL,candidate_definition,D_netloc_path_query,all,all,235795,40105,17.008418329481117,0.9409911151635955,1.0,0.9576248200341629,-1.0,188829,-1:188829; 0:40105; -2:2902; -3:940; -4:732
NoOfOtherSpecialCharsInURL,candidate_definition,D_netloc_path_query,phishing,all,100945,40105,39.72955569864778,0.8621229382336916,1.0,0.961756584676321,-1.0,53983,-1:53983; 0:40105; -2:2898; -3:940; -4:732
NoOfOtherSpecialCharsInURL,candidate_definition,D_netloc_path_query,legitimate,all,134850,0,0.0,1.000029662588061,1.0,0.9999416037650645,-1.0,134846,-1:134846; -2:4
NoOfOtherSpecialCharsInURL,candidate_definition,D_netloc_path_query_other_special,all,all,235795,15,0.006361458046184186,1.9102992005767723,1.0,0.8541682110403134,1.0,144457,1:144457; 2:41564; 3:24140; 4:9621; 5:6314
NoOfOtherSpecialCharsInURL,candidate_definition,D_netloc_path_query_other_special,phishing,all,100945,11,0.010897023131408192,2.9104264698598246,2.0,0.8682965469433502,1.0,29600,1:29600; 2:23326; 3:22449; 4:9561; 5:6314
NoOfOtherSpecialCharsInURL,candidate_definition,D_netloc_path_query_other_special,legitimate,all,134850,4,0.0029662588060808304,1.1616314423433445,1.0,0.5977276326586819,1.0,114857,1:114857; 2:18238; 3:1691; 4:60; 0:4
SpacialCharRatioInURL,candidate_definition,D_netloc_path_query,all,all,235795,4,0.0016963888123157828,0.06310892791087187,0.063,0.6661493879139126,-0.071111111111,9246,-0.071111111111:9246; -0.075647058824:9183; -0.067263157895:8984; -0.082:8831; -0.063:8475
SpacialCharRatioInURL,candidate_definition,D_netloc_path_query,phishing,all,100945,4,0.003962553865966616,0.047539924852977956,0.044135135135135145,0.6845923307224941,-0.08,1855,-0.08:1855; -0.085333333333:1777; -0.074647058824:1653; -0.069111111111:1533; -0.092857142857:1511
SpacialCharRatioInURL,candidate_definition,D_netloc_path_query,legitimate,all,134850,0,0.0,0.07476345526481402,0.0711111111111111,0.8606159915980021,-0.071111111111,8796,-0.071111111111:8796; -0.075647058824:8684; -0.067263157895:8563; -0.082:8232; -0.063:7963
SpacialCharRatioInURL,candidate_definition,D_netloc_path_query_other_special,all,all,235795,4,0.0016963888123157828,0.05313841188551797,0.045,0.6553688930488416,0.042,10906,0.042:10906; 0.043:10798; 0.04:10573; 0.045:10488; 0.038:10269
SpacialCharRatioInURL,candidate_definition,D_netloc_path_query_other_special,phishing,all,100945,0,0.0,0.06484877211593493,0.06017647058823529,0.6447228640800797,0.045,3202,0.045:3202; 0.048:2872; 0.043:2556; 0.077:2415; 0.053:2329
SpacialCharRatioInURL,candidate_definition,D_netloc_path_query_other_special,legitimate,all,134850,4,0.0029662588060808304,0.044372358393049004,0.04,0.5023459969345981,0.04,8796,0.04:8796; 0.042:8688; 0.038:8563; 0.043:8242; 0.037:7963
URLLength,candidate_definition,D_netloc_path_query_with_separators,all,all,235795,0,0.0,7.128844971267415,7.0,0.9070211135044891,7.0,171253,7:171253; 6:33555; 8:30098; 9:95; 33:86
URLLength,candidate_definition,D_netloc_path_query_with_separators,phishing,all,100945,0,0.0,7.300965872504829,7.0,0.9005098191077505,7.0,36403,7:36403; 6:33555; 8:30098; 9:95; 33:86
URLLength,candidate_definition,D_netloc_path_query_with_separators,legitimate,all,134850,0,0.0,7.0,7.0,1.0,7.0,134850,7:134850
URLLength,candidate_definition,D_netloc_path_query_with_separators,all,http,51749,0,0.0,6.401534329165781,6.0,0.9976648602897072,6.0,33555,6:33555; 7:18114; 25:20; 26:15; 31:9
URLLength,candidate_definition,D_netloc_path_query_with_separators,all,https,184046,0,0.0,7.333346011323256,7.0,0.8762119575680738,7.0,153139,7:153139; 8:30092; 9:93; 33:86; 15:68
NoOfLettersInURL,candidate_definition,D_netloc_path_query_with_separators,all,all,235795,50858,21.56873555418902,3.097856188638436,4.0,0.8584730411554011,-4.0,164822,-4:164822; 0:50858; -3:11815; -1:7070; -10:285
NoOfLettersInURL,candidate_definition,D_netloc_path_query_with_separators,phishing,all,100945,50858,50.381891128832535,1.8925850710783099,0.0,0.8457133694900941,0.0,50858,0:50858; -4:29976; -3:11815; -1:7070; -10:285
NoOfLettersInURL,candidate_definition,D_netloc_path_query_with_separators,legitimate,all,134850,0,0.0,4.000088987764182,4.0,0.9999941653721215,-4.0,134846,-4:134846; -7:4
LetterRatioInURL,candidate_definition,D_netloc_path_query_with_separators,all,all,235795,66,0.027990415403210418,0.3226983637102131,0.357090909090909,0.33314364417296966,-0.408888888889,8583,-0.408888888889:8583; -0.424352941176:8434; -0.394736842105:8379; -0.44:7966; -0.381:7802
LetterRatioInURL,candidate_definition,D_netloc_path_query_with_separators,phishing,all,100945,66,0.06538213878844915,0.22326282596293942,0.19051282051282048,0.5363264790686026,-0.42,1644,-0.42:1644; -0.437666666667:1530; -0.404352941176:1470; -0.388888888889:1414; -0.457142857143:1193
LetterRatioInURL,candidate_definition,D_netloc_path_query_with_separators,legitimate,all,134850,0,0.0,0.39713307159229355,0.39473684210526316,0.8181896385784534,-0.408888888889,8565,-0.408888888889:8565; -0.424352941176:8419; -0.394736842105:8358; -0.44:7947; -0.381:7784
NoOfDegitsInURL,candidate_definition,D_netloc_path_query_with_separators,all,all,235795,234402,99.40923259611102,0.026654509213511736,0.0,0.9766009709196949,0.0,234402,0:234402; -1:1186; 2:27; 1:22; 10:18
NoOfDegitsInURL,candidate_definition,D_netloc_path_query_with_separators,phishing,all,100945,99552,98.62004061617714,0.06226162761900045,0.0,0.9758147212322761,0.0,99552,0:99552; -1:1186; 2:27; 1:22; 10:18
NoOfDegitsInURL,candidate_definition,D_netloc_path_query_with_separators,legitimate,all,134850,134850,100.0,0.0,0.0,0.9999999999999999,0.0,134850,0:134850
DegitRatioInURL,candidate_definition,D_netloc_path_query_with_separators,all,all,235795,184232,78.13227591764033,0.006503753509131442,0.0,0.9921445162091609,0.0,184232,0.0:184232; -0.054769230769:1052; -0.081:713; -0.014081081081:566; -0.022448275862:541
DegitRatioInURL,candidate_definition,D_netloc_path_query_with_separators,phishing,all,100945,52942,52.44638169300114,0.01395346183928481,0.0,0.9906909368962805,0.0,52942,0.0:52942; -0.054769230769:1052; -0.081:713; -0.014081081081:566; -0.022448275862:541
DegitRatioInURL,candidate_definition,D_netloc_path_query_with_separators,legitimate,all,134850,131290,97.36002966258806,0.00092710680992987,0.0,0.9975755002772494,0.0,131290,0.0:131290; -0.021666666667:167; -0.016823529412:151; -0.026923076923:150; -0.0195:145
NoOfOtherSpecialCharsInURL,candidate_definition,D_netloc_path_query_with_separators,all,all,235795,40105,17.008418329481117,0.9409911151635955,1.0,0.9576248200341629,-1.0,188829,-1:188829; 0:40105; -2:2902; -3:940; -4:732
NoOfOtherSpecialCharsInURL,candidate_definition,D_netloc_path_query_with_separators,phishing,all,100945,40105,39.72955569864778,0.8621229382336916,1.0,0.961756584676321,-1.0,53983,-1:53983; 0:40105; -2:2898; -3:940; -4:732
NoOfOtherSpecialCharsInURL,candidate_definition,D_netloc_path_query_with_separators,legitimate,all,134850,0,0.0,1.000029662588061,1.0,0.9999416037650645,-1.0,134846,-1:134846; -2:4
NoOfOtherSpecialCharsInURL,candidate_definition,D_netloc_path_query_with_separators_other_special,all,all,235795,15,0.006361458046184186,1.9102992005767723,1.0,0.8541682110403134,1.0,144457,1:144457; 2:41564; 3:24140; 4:9621; 5:6314
NoOfOtherSpecialCharsInURL,candidate_definition,D_netloc_path_query_with_separators_other_special,phishing,all,100945,11,0.010897023131408192,2.9104264698598246,2.0,0.8682965469433502,1.0,29600,1:29600; 2:23326; 3:22449; 4:9561; 5:6314
NoOfOtherSpecialCharsInURL,candidate_definition,D_netloc_path_query_with_separators_other_special,legitimate,all,134850,4,0.0029662588060808304,1.1616314423433445,1.0,0.5977276326586819,1.0,114857,1:114857; 2:18238; 3:1691; 4:60; 0:4
SpacialCharRatioInURL,candidate_definition,D_netloc_path_query_with_separators,all,all,235795,4,0.0016963888123157828,0.06310892791087187,0.063,0.6661493879139126,-0.071111111111,9246,-0.071111111111:9246; -0.075647058824:9183; -0.067263157895:8984; -0.082:8831; -0.063:8475
SpacialCharRatioInURL,candidate_definition,D_netloc_path_query_with_separators,phishing,all,100945,4,0.003962553865966616,0.047539924852977956,0.044135135135135145,0.6845923307224941,-0.08,1855,-0.08:1855; -0.085333333333:1777; -0.074647058824:1653; -0.069111111111:1533; -0.092857142857:1511
SpacialCharRatioInURL,candidate_definition,D_netloc_path_query_with_separators,legitimate,all,134850,0,0.0,0.07476345526481402,0.0711111111111111,0.8606159915980021,-0.071111111111,8796,-0.071111111111:8796; -0.075647058824:8684; -0.067263157895:8563; -0.082:8232; -0.063:7963
SpacialCharRatioInURL,candidate_definition,D_netloc_path_query_with_separators_other_special,all,all,235795,4,0.0016963888123157828,0.05313841188551797,0.045,0.6553688930488416,0.042,10906,0.042:10906; 0.043:10798; 0.04:10573; 0.045:10488; 0.038:10269
SpacialCharRatioInURL,candidate_definition,D_netloc_path_query_with_separators_other_special,phishing,all,100945,0,0.0,0.06484877211593493,0.06017647058823529,0.6447228640800797,0.045,3202,0.045:3202; 0.048:2872; 0.043:2556; 0.077:2415; 0.053:2329
SpacialCharRatioInURL,candidate_definition,D_netloc_path_query_with_separators_other_special,legitimate,all,134850,4,0.0029662588060808304,0.044372358393049004,0.04,0.5023459969345981,0.04,8796,0.04:8796; 0.042:8688; 0.038:8563; 0.043:8242; 0.037:7963
