comparison_type,track,tier,metric,observed,ci_lower,ci_upper,difference,difference_percentage_points,baseline_tier,comparison_tier,bootstrap_iterations,bootstrap_seed
condition,equal_tuning,A,accuracy,1.0,1.0,1.0,,,,,1000,20260821
condition,equal_tuning,A,phishing_recall,1.0,1.0,1.0,,,,,1000,20260821
condition,equal_tuning,A,phishing_f1,1.0,1.0,1.0,,,,,1000,20260821
condition,fixed_tree,A,accuracy,1.0,1.0,1.0,,,,,1000,20260821
condition,fixed_tree,A,phishing_recall,1.0,1.0,1.0,,,,,1000,20260821
condition,fixed_tree,A,phishing_f1,1.0,1.0,1.0,,,,,1000,20260821
condition,equal_tuning,B,accuracy,0.9998869098105739,0.999773112807464,0.9999717274526435,,,,,1000,20260821
condition,equal_tuning,B,phishing_recall,0.9997358341038172,0.9994691792183664,0.9999344749959542,,,,,1000,20260821
condition,equal_tuning,B,phishing_f1,0.9998678996036988,0.999733970031265,0.9999672702575795,,,,,1000,20260821
condition,fixed_tree,B,accuracy,0.9998586372632174,0.9997172745264349,0.9999717274526435,,,,,1000,20260821
condition,fixed_tree,B,phishing_recall,0.9997358341038172,0.9994697395256017,0.999934262856431,,,,,1000,20260821
condition,fixed_tree,B,phishing_f1,0.9998348799577292,0.9996710661490044,0.9999670630627036,,,,,1000,20260821
condition,equal_tuning,C,accuracy,0.9972575629064179,0.9966921119592875,0.9977947413061917,,,,,1000,20260821
condition,equal_tuning,C,phishing_recall,0.9945845991282526,0.9933558999179206,0.9956874030586724,,,,,1000,20260821
condition,equal_tuning,C,phishing_f1,0.9967898864877387,0.9961576148197574,0.9973644807442835,,,,,1000,20260821
condition,fixed_tree,C,accuracy,0.9961549335595137,0.9955612100650268,0.9967769296013571,,,,,1000,20260821
condition,fixed_tree,C,phishing_recall,0.9926693963809272,0.9912559894518007,0.9939891141409117,,,,,1000,20260821
condition,fixed_tree,C,phishing_f1,0.9954963904894364,0.99471317299633,0.9962309121233519,,,,,1000,20260821
condition,equal_tuning,D-matched,accuracy,0.9968617472434267,0.9962962962962963,0.9974271981905569,,,,,1000,20260821
condition,equal_tuning,D-matched,phishing_recall,0.9941223088099327,0.992860188241377,0.995338117147975,,,,,1000,20260821
condition,equal_tuning,D-matched,phishing_f1,0.9963265711354535,0.9956178502753431,0.996964209384215,,,,,1000,20260821
condition,fixed_tree,D-matched,accuracy,0.9944303081707662,0.9936379700310998,0.9952219394967486,,,,,1000,20260821
condition,fixed_tree,D-matched,phishing_recall,0.9881125346717738,0.9863246248398376,0.9896942970712348,,,,,1000,20260821
condition,fixed_tree,D-matched,phishing_f1,0.9934597124929451,0.99250838620095,0.9943553363672388,,,,,1000,20260821
condition,equal_tuning,E,accuracy,0.995730845349166,0.9950523042126096,0.9963818207520497,,,,,1000,20260821
condition,equal_tuning,E,phishing_recall,0.9906221106855105,0.9891918381770731,0.9921864548657926,,,,,1000,20260821
condition,equal_tuning,E,phishing_f1,0.9949918742330272,0.9942069865344518,0.9957721111703245,,,,,1000,20260821
condition,fixed_tree,E,accuracy,0.995730845349166,0.9950523042126096,0.9963811139383658,,,,,1000,20260821
condition,fixed_tree,E,phishing_recall,0.9906221106855105,0.9890945998460454,0.9920949075988189,,,,,1000,20260821
condition,fixed_tree,E,phishing_f1,0.9949918742330272,0.9941889134374119,0.9957568263695058,,,,,1000,20260821
pairwise_difference,equal_tuning,,accuracy,,0.0022052586938082763,0.0032796154933559807,0.0027424370935821285,0.27424370935821285,A,C,1000,20260821
pairwise_difference,equal_tuning,,phishing_recall,,0.004258151099216853,0.0066195104165972015,0.005415400871747411,0.5415400871747411,A,C,1000,20260821
pairwise_difference,equal_tuning,,phishing_f1,,0.0026022323279581232,0.0038102467696099593,0.0032101135122613034,0.32101135122613034,A,C,1000,20260821
pairwise_difference,equal_tuning,,accuracy,,8.481764206957898e-05,0.0007633587786258778,0.00039581566299118354,0.039581566299118354,C,D-matched,1000,20260821
pairwise_difference,equal_tuning,,phishing_recall,,-6.64286314547513e-05,0.001052007118845119,0.0004622903183199023,0.04622903183199023,C,D-matched,1000,20260821
pairwise_difference,equal_tuning,,phishing_f1,,6.79437258945731e-05,0.0008282888556798845,0.0004633153522851652,0.04633153522851652,C,D-matched,1000,20260821
pairwise_difference,equal_tuning,,accuracy,,0.00262934690415606,0.003760248798416743,0.003138252756573312,0.3138252756573312,A,D-matched,1000,20260821
pairwise_difference,equal_tuning,,phishing_recall,,0.004689649669218523,0.0071149682975053,0.0058776911900673134,0.5877691190067313,A,D-matched,1000,20260821
pairwise_difference,equal_tuning,,phishing_f1,,0.003021444094415332,0.004346873930718992,0.0036734288645464686,0.36734288645464686,A,D-matched,1000,20260821
pairwise_difference,equal_tuning,,accuracy,,0.0005654509471303415,0.001752897936104006,0.001130901894260683,0.1130901894260683,D-matched,E,1000,20260821
pairwise_difference,equal_tuning,,phishing_recall,,0.002377206825765915,0.004693299490694492,0.003500198124422149,0.3500198124422149,D-matched,E,1000,20260821
pairwise_difference,equal_tuning,,phishing_f1,,0.0006423204306618968,0.0020107832447858573,0.00133469690242638,0.133469690242638,D-matched,E,1000,20260821
pairwise_difference,fixed_tree,,accuracy,,0.0031947978512864017,0.004523607577042732,0.003845066440486322,0.3845066440486322,A,C,1000,20260821
pairwise_difference,fixed_tree,,phishing_recall,,0.006059789135947411,0.008795582354622711,0.007330603619072784,0.7330603619072784,A,C,1000,20260821
pairwise_difference,fixed_tree,,phishing_f1,,0.003802427335111111,0.005288454057452832,0.004503609510563611,0.4503609510563611,A,C,1000,20260821
pairwise_difference,fixed_tree,,accuracy,,0.0011301950805767708,0.0023183488832344556,0.0017246253887475138,0.17246253887475138,C,D-matched,1000,20260821
pairwise_difference,fixed_tree,,phishing_recall,,0.003425746146904396,0.005772032104148991,0.00455686170915337,0.45568617091533703,C,D-matched,1000,20260821
pairwise_difference,fixed_tree,,phishing_f1,,0.0013382564857759849,0.0027428776695564592,0.0020366779964913206,0.20366779964913206,C,D-matched,1000,20260821
pairwise_difference,fixed_tree,,accuracy,,0.004778060503251358,0.006389595702572803,0.005569691829233836,0.5569691829233836,A,D-matched,1000,20260821
pairwise_difference,fixed_tree,,phishing_recall,,0.010143454837460906,0.013622638534786496,0.011887465328226154,1.1887465328226154,A,D-matched,1000,20260821
pairwise_difference,fixed_tree,,phishing_f1,,0.005640707489605837,0.007551963399227954,0.0065402875070549316,0.6540287507054932,A,D-matched,1000,20260821
pairwise_difference,fixed_tree,,accuracy,,-0.0020638959570257187,-0.0005371783997738522,-0.001300537178399841,-0.1300537178399841,D-matched,E,1000,20260821
pairwise_difference,fixed_tree,,phishing_recall,,-0.004166634730992799,-0.0008595041322314589,-0.002509576013736692,-0.2509576013736692,D-matched,E,1000,20260821
pairwise_difference,fixed_tree,,phishing_f1,,-0.0024384933611604235,-0.0006365046171600997,-0.001532161740082083,-0.1532161740082083,D-matched,E,1000,20260821
