comparison_id,semantic_class,external_dataset,feature,internal_rows,external_rows,internal_mean,internal_median,internal_p10,internal_p25,internal_p75,internal_p90,external_mean,external_median,external_p10,external_p25,external_p75,external_p90,ks_statistic,ks_p_value,mean_difference_external_minus_internal,median_difference_external_minus_internal,is_binary_feature,internal_proportion_1,external_proportion_1,absolute_percentage_point_difference_1
B_phiusiil_legitimate_vs_legitphish_legitimate,legitimate,LegitPhish,path_length,134850,37540,0.0,0.0,0.0,0.0,0.0,0.0,0.4867874267448055,0.0,0.0,0.0,0.0,0.0,0.015956313265849786,6.340657789060835e-07,0.4867874267448055,0.0,False,,,
B_phiusiil_legitimate_vs_legitphish_legitimate,legitimate,LegitPhish,number_of_slashes,134850,37540,2.0,2.0,2.0,2.0,2.0,2.0,2.0374267448055408,2.0,2.0,2.0,2.0,2.0,0.015956313265849786,6.340657789060835e-07,0.03742674480554076,0.0,False,,,
B_phiusiil_legitimate_vs_legitphish_legitimate,legitimate,LegitPhish,special_character_count,134850,37540,5.244864664441972,5.0,5.0,5.0,5.0,6.0,5.320431539690996,5.0,5.0,5.0,5.0,6.0,0.013928493329769753,2.2313115378621477e-05,0.07556687524902372,0.0,False,,,
B_phiusiil_legitimate_vs_legitphish_legitimate,legitimate,LegitPhish,url_length,134850,37540,27.228609566184648,27.0,21.0,24.0,30.0,34.0,27.680873734683004,27.0,21.0,24.0,30.0,34.0,0.011903304624862887,0.00048258050689873444,0.45226416849835616,0.0,False,,,
B_phiusiil_legitimate_vs_legitphish_legitimate,legitimate,LegitPhish,number_of_letters,134850,37540,21.93314794215795,22.0,16.0,18.0,25.0,28.0,22.279675013319125,22.0,16.0,18.0,25.0,29.0,0.010920425208537976,0.0018032720625056702,0.346527071161173,0.0,False,,,
B_phiusiil_legitimate_vs_legitphish_legitimate,legitimate,LegitPhish,domain_length,134850,37540,19.228609566184648,19.0,13.0,16.0,22.0,26.0,19.172109749600427,19.0,13.0,16.0,22.0,26.0,0.007130798462112509,0.10045308442246792,-0.05649981658422121,0.0,False,,,
B_phiusiil_legitimate_vs_legitphish_legitimate,legitimate,LegitPhish,number_of_hyphens,134850,37540,0.0832035595105673,0.0,0.0,0.0,0.0,0.0,0.1164624400639318,0.0,0.0,0.0,0.0,0.0,0.0066955134150319395,0.14305170324375294,0.03325888055336451,0.0,False,,,
B_phiusiil_legitimate_vs_legitphish_legitimate,legitimate,LegitPhish,number_of_digits,134850,37540,0.050596959584723766,0.0,0.0,0.0,0.0,0.0,0.08076718167288226,0.0,0.0,0.0,0.0,0.0,0.0055129231575802295,0.3328208279654362,0.03017022208815849,0.0,False,,,
B_phiusiil_legitimate_vs_legitphish_legitimate,legitimate,LegitPhish,digit_ratio,134850,37540,0.0020295458741919348,0.0,0.0,0.0,0.0,0.0,0.0024782464825280136,0.0,0.0,0.0,0.0,0.0,0.0055129231575802295,0.3328208279654362,0.0004487006083360788,0.0,False,,,
B_phiusiil_legitimate_vs_legitphish_legitimate,legitimate,LegitPhish,number_of_subdomains,134850,37540,1.1616611049314052,1.0,1.0,1.0,1.0,2.0,1.1549280767181673,1.0,1.0,1.0,1.0,2.0,0.0049014384656366535,0.479259253091911,-0.006733028213237846,0.0,False,,,
B_phiusiil_legitimate_vs_legitphish_legitimate,legitimate,LegitPhish,number_of_dots,134850,37540,2.1616611049314054,2.0,2.0,2.0,2.0,3.0,2.1554342035162493,2.0,2.0,2.0,2.0,3.0,0.00487480021310602,0.4863215921478792,-0.006226901415156139,0.0,False,,,
B_phiusiil_legitimate_vs_legitphish_legitimate,legitimate,LegitPhish,number_of_underscores,134850,37540,0.0,0.0,0.0,0.0,0.0,0.0,0.006686201385189132,0.0,0.0,0.0,0.0,0.0,0.002930207778369831,0.9619311157244889,0.006686201385189132,0.0,False,,,
B_phiusiil_legitimate_vs_legitphish_legitimate,legitimate,LegitPhish,letter_ratio,134850,37540,0.799956840153667,0.8064516129032258,0.75,0.7727272727272727,0.8275862068965517,0.8461538461538461,0.7997327666295523,0.8064516129032258,0.75,0.7727272727272727,0.8275862068965517,0.8461538461538461,0.0027252384256940543,0.9808439862881043,-0.0002240735241146874,0.0,False,,,
B_phiusiil_legitimate_vs_legitphish_legitimate,legitimate,LegitPhish,query_length,134850,37540,0.0,0.0,0.0,0.0,0.0,0.0,0.020751198721363877,0.0,0.0,0.0,0.0,0.0,0.0013585508790623368,0.9999999983183046,0.020751198721363877,0.0,False,,,
B_phiusiil_legitimate_vs_legitphish_legitimate,legitimate,LegitPhish,number_of_question_marks,134850,37540,0.0,0.0,0.0,0.0,0.0,0.0,0.0013585508790623336,0.0,0.0,0.0,0.0,0.0,0.0013585508790623368,0.9999999983183046,0.0013585508790623336,0.0,False,,,
B_phiusiil_legitimate_vs_legitphish_legitimate,legitimate,LegitPhish,number_of_equal_signs,134850,37540,0.0,0.0,0.0,0.0,0.0,0.0,0.0013851891315929674,0.0,0.0,0.0,0.0,0.0,0.0013585508790623368,0.9999999983183046,0.0013851891315929674,0.0,False,,,
B_phiusiil_legitimate_vs_legitphish_legitimate,legitimate,LegitPhish,number_of_query_parameters,134850,37540,0.0,0.0,0.0,0.0,0.0,0.0,0.0013851891315929674,0.0,0.0,0.0,0.0,0.0,0.0013585508790623368,0.9999999983183046,0.0013851891315929674,0.0,False,,,
B_phiusiil_legitimate_vs_legitphish_legitimate,legitimate,LegitPhish,number_of_percent_symbols,134850,37540,0.0,0.0,0.0,0.0,0.0,0.0,0.0007192328183271178,0.0,0.0,0.0,0.0,0.0,0.0003462972828982558,1.0,0.0007192328183271178,0.0,False,,,
B_phiusiil_legitimate_vs_legitphish_legitimate,legitimate,LegitPhish,suspicious_keyword_count,134850,37540,0.0032332220986281053,0.0,0.0,0.0,0.0,0.0,0.002903569525839105,0.0,0.0,0.0,0.0,0.0,0.00031482127875859245,1.0,-0.0003296525727890004,0.0,False,,,
B_phiusiil_legitimate_vs_legitphish_legitimate,legitimate,LegitPhish,has_suspicious_keyword,134850,37540,0.003218390804597701,0.0,0.0,0.0,0.0,0.0,0.002903569525839105,0.0,0.0,0.0,0.0,0.0,0.00031482127875859245,1.0,-0.00031482127875859635,0.0,True,0.003218390804597701,0.002903569525839105,0.03148212787585963
B_phiusiil_legitimate_vs_legitphish_legitimate,legitimate,LegitPhish,uses_https_text,134850,37540,1.0,1.0,1.0,1.0,1.0,1.0,0.9998668087373468,1.0,1.0,1.0,1.0,1.0,0.00013319126265316994,1.0,-0.00013319126265320946,0.0,True,1.0,0.9998668087373468,0.013319126265320946
B_phiusiil_legitimate_vs_legitphish_legitimate,legitimate,LegitPhish,number_of_at_symbols,134850,37540,0.0,0.0,0.0,0.0,0.0,0.0,2.663825253063399e-05,0.0,0.0,0.0,0.0,0.0,2.66382525306863e-05,1.0,2.663825253063399e-05,0.0,False,,,
B_phiusiil_legitimate_vs_legitphish_legitimate,legitimate,LegitPhish,number_of_ampersands,134850,37540,0.0,0.0,0.0,0.0,0.0,0.0,2.663825253063399e-05,0.0,0.0,0.0,0.0,0.0,2.66382525306863e-05,1.0,2.663825253063399e-05,0.0,False,,,
B_phiusiil_legitimate_vs_legitphish_legitimate,legitimate,LegitPhish,known_shortener_domain,134850,37540,7.415647015202076e-06,0.0,0.0,0.0,0.0,0.0,2.663825253063399e-05,0.0,0.0,0.0,0.0,0.0,1.9222605515456515e-05,1.0,1.9222605515431913e-05,0.0,True,7.415647015202076e-06,2.663825253063399e-05,0.0019222605515431914
B_phiusiil_legitimate_vs_legitphish_legitimate,legitimate,LegitPhish,domain_is_ip,134850,37540,0.0,0.0,0.0,0.0,0.0,0.0,0.0,0.0,0.0,0.0,0.0,0.0,0.0,1.0,0.0,0.0,True,0.0,0.0,0.0
B_phiusiil_legitimate_vs_legitphish_legitimate,legitimate,LegitPhish,has_port,134850,37540,0.0,0.0,0.0,0.0,0.0,0.0,0.0,0.0,0.0,0.0,0.0,0.0,0.0,1.0,0.0,0.0,True,0.0,0.0,0.0
A_phiusiil_legitimate_vs_url_phish_benign,legitimate,URL-Phish,path_length,134850,100000,0.0,0.0,0.0,0.0,0.0,0.0,4.60489,1.0,0.0,1.0,1.0,13.0,0.88986,0.0,4.60489,1.0,False,,,
A_phiusiil_legitimate_vs_url_phish_benign,legitimate,URL-Phish,number_of_slashes,134850,100000,2.0,2.0,2.0,2.0,2.0,2.0,3.14825,3.0,2.0,3.0,3.0,4.0,0.88986,0.0,1.14825,1.0,False,,,
A_phiusiil_legitimate_vs_url_phish_benign,legitimate,URL-Phish,uses_https_text,134850,100000,1.0,1.0,1.0,1.0,1.0,1.0,0.35093,0.0,0.0,0.0,1.0,1.0,0.64907,0.0,-0.64907,-1.0,True,1.0,0.35093,64.90700000000001
A_phiusiil_legitimate_vs_url_phish_benign,legitimate,URL-Phish,special_character_count,134850,100000,5.244864664441972,5.0,5.0,5.0,5.0,6.0,6.67065,6.0,5.0,6.0,7.0,9.0,0.6187643121987394,0.0,1.4257853355580279,1.0,False,,,
A_phiusiil_legitimate_vs_url_phish_benign,legitimate,URL-Phish,letter_ratio,134850,100000,0.799956840153667,0.8064516129032258,0.75,0.7727272727272727,0.8275862068965517,0.8461538461538461,0.7542854406847844,0.75,0.6875,0.7142857142857143,0.7931034482758621,0.8235294117647058,0.4203881868743048,0.0,-0.045671399468882545,-0.056451612903225756,False,,,
A_phiusiil_legitimate_vs_url_phish_benign,legitimate,URL-Phish,domain_length,134850,100000,19.228609566184648,19.0,13.0,16.0,22.0,26.0,16.7556,16.0,11.0,13.0,20.0,24.0,0.24535968112717838,0.0,-2.473009566184647,-3.0,False,,,
A_phiusiil_legitimate_vs_url_phish_benign,legitimate,URL-Phish,number_of_letters,134850,100000,21.93314794215795,22.0,16.0,18.0,25.0,28.0,22.25979,19.0,14.0,16.0,25.0,32.0,0.18971278828327776,0.0,0.32664205784204725,-3.0,False,,,
A_phiusiil_legitimate_vs_url_phish_benign,legitimate,URL-Phish,number_of_subdomains,134850,100000,1.1616611049314052,1.0,1.0,1.0,1.0,2.0,1.09911,1.0,0.0,1.0,1.0,2.0,0.14102,0.0,-0.06255110493140514,0.0,False,,,
A_phiusiil_legitimate_vs_url_phish_benign,legitimate,URL-Phish,number_of_dots,134850,100000,2.1616611049314054,2.0,2.0,2.0,2.0,3.0,2.18579,2.0,1.0,2.0,3.0,3.0,0.13719,0.0,0.024128895068594503,0.0,False,,,
A_phiusiil_legitimate_vs_url_phish_benign,legitimate,URL-Phish,url_length,134850,100000,27.228609566184648,27.0,21.0,24.0,30.0,34.0,29.07606,26.0,20.0,22.0,32.0,40.0,0.12363265480163144,0.0,1.8474504338153501,-1.0,False,,,
A_phiusiil_legitimate_vs_url_phish_benign,legitimate,URL-Phish,number_of_hyphens,134850,100000,0.0832035595105673,0.0,0.0,0.0,0.0,0.0,0.2428,0.0,0.0,0.0,0.0,1.0,0.07247892843900627,9.429231126234049e-263,0.1595964404894327,0.0,False,,,
A_phiusiil_legitimate_vs_url_phish_benign,legitimate,URL-Phish,query_length,134850,100000,0.0,0.0,0.0,0.0,0.0,0.0,0.30924,0.0,0.0,0.0,0.0,0.0,0.020019999999999927,2.0130691033531867e-20,0.30924,0.0,False,,,
A_phiusiil_legitimate_vs_url_phish_benign,legitimate,URL-Phish,number_of_question_marks,134850,100000,0.0,0.0,0.0,0.0,0.0,0.0,0.02002,0.0,0.0,0.0,0.0,0.0,0.020019999999999927,2.0130691033531867e-20,0.02002,0.0,False,,,
A_phiusiil_legitimate_vs_url_phish_benign,legitimate,URL-Phish,number_of_query_parameters,134850,100000,0.0,0.0,0.0,0.0,0.0,0.0,0.02689,0.0,0.0,0.0,0.0,0.0,0.020019999999999927,2.0130691033531867e-20,0.02689,0.0,False,,,
A_phiusiil_legitimate_vs_url_phish_benign,legitimate,URL-Phish,number_of_equal_signs,134850,100000,0.0,0.0,0.0,0.0,0.0,0.0,0.02711,0.0,0.0,0.0,0.0,0.0,0.019869999999999943,4.002921706218211e-20,0.02711,0.0,False,,,
A_phiusiil_legitimate_vs_url_phish_benign,legitimate,URL-Phish,number_of_digits,134850,100000,0.050596959584723766,0.0,0.0,0.0,0.0,0.0,0.14562,0.0,0.0,0.0,0.0,0.0,0.01755029662588059,8.570447450609572e-16,0.09502304041527623,0.0,False,,,
A_phiusiil_legitimate_vs_url_phish_benign,legitimate,URL-Phish,digit_ratio,134850,100000,0.0020295458741919348,0.0,0.0,0.0,0.0,0.0,0.0030612164826420997,0.0,0.0,0.0,0.0,0.0,0.01755029662588059,8.570447450609572e-16,0.001031670608450165,0.0,False,,,
A_phiusiil_legitimate_vs_url_phish_benign,legitimate,URL-Phish,number_of_underscores,134850,100000,0.0,0.0,0.0,0.0,0.0,0.0,0.02622,0.0,0.0,0.0,0.0,0.0,0.01735999999999993,1.8383713549664987e-15,0.02622,0.0,False,,,
A_phiusiil_legitimate_vs_url_phish_benign,legitimate,URL-Phish,number_of_ampersands,134850,100000,0.0,0.0,0.0,0.0,0.0,0.0,0.0079,0.0,0.0,0.0,0.0,0.0,0.004709999999999881,0.15596984697765026,0.0079,0.0,False,,,
A_phiusiil_legitimate_vs_url_phish_benign,legitimate,URL-Phish,suspicious_keyword_count,134850,100000,0.0032332220986281053,0.0,0.0,0.0,0.0,0.0,0.0013,0.0,0.0,0.0,0.0,0.0,0.0019283908045978349,0.9829395603506961,-0.0019332220986281053,0.0,False,,,
A_phiusiil_legitimate_vs_url_phish_benign,legitimate,URL-Phish,has_suspicious_keyword,134850,100000,0.003218390804597701,0.0,0.0,0.0,0.0,0.0,0.00129,0.0,0.0,0.0,0.0,0.0,0.0019283908045978349,0.9829395603506961,-0.0019283908045977013,0.0,True,0.003218390804597701,0.00129,0.19283908045977013
A_phiusiil_legitimate_vs_url_phish_benign,legitimate,URL-Phish,number_of_percent_symbols,134850,100000,0.0,0.0,0.0,0.0,0.0,0.0,0.0073,0.0,0.0,0.0,0.0,0.0,0.0013899999999998913,0.999883545376503,0.0073,0.0,False,,,
A_phiusiil_legitimate_vs_url_phish_benign,legitimate,URL-Phish,has_port,134850,100000,0.0,0.0,0.0,0.0,0.0,0.0,0.00027,0.0,0.0,0.0,0.0,0.0,0.00026999999999988145,1.0,0.00027,0.0,True,0.0,0.00027,0.027
A_phiusiil_legitimate_vs_url_phish_benign,legitimate,URL-Phish,number_of_at_symbols,134850,100000,0.0,0.0,0.0,0.0,0.0,0.0,8e-05,0.0,0.0,0.0,0.0,0.0,7.999999999996898e-05,1.0,8e-05,0.0,False,,,
A_phiusiil_legitimate_vs_url_phish_benign,legitimate,URL-Phish,domain_is_ip,134850,100000,0.0,0.0,0.0,0.0,0.0,0.0,6e-05,0.0,0.0,0.0,0.0,0.0,5.999999999994898e-05,1.0,6e-05,0.0,True,0.0,6e-05,0.006
A_phiusiil_legitimate_vs_url_phish_benign,legitimate,URL-Phish,known_shortener_domain,134850,100000,7.415647015202076e-06,0.0,0.0,0.0,0.0,0.0,0.0,0.0,0.0,0.0,0.0,0.0,7.415647015229787e-06,1.0,-7.415647015202076e-06,0.0,True,7.415647015202076e-06,0.0,0.0007415647015202076
D_phiusiil_phishing_vs_legitphish_phishing,phishing,LegitPhish,domain_is_ip,100945,63678,0.0060230818762692555,0.0,0.0,0.0,0.0,0.0,0.7703916580294607,1.0,0.0,1.0,1.0,1.0,0.7643685761531915,0.0,0.7643685761531915,1.0,True,0.0060230818762692555,0.7703916580294607,76.43685761531916
D_phiusiil_phishing_vs_legitphish_phishing,phishing,LegitPhish,number_of_digits,100945,63678,4.338273317152905,0.0,0.0,0.0,5.0,11.0,13.477292000376897,15.0,7.0,11.0,16.0,17.0,0.7338177128861616,0.0,9.139018683223991,15.0,False,,,
D_phiusiil_phishing_vs_legitphish_phishing,phishing,LegitPhish,letter_ratio,100945,63678,0.7472414032986082,0.7755102040816326,0.6126612903225812,0.7142857142857143,0.8125,0.8378378378378378,0.37444381949123756,0.2727272727272727,0.1724137931034483,0.2571428571428571,0.4909090909090909,0.7230769230769231,0.7269254947137938,0.0,-0.37279758380737066,-0.5027829313543599,False,,,
D_phiusiil_phishing_vs_legitphish_phishing,phishing,LegitPhish,path_length,100945,63678,8.725256327703205,1.0,0.0,0.0,6.0,28.0,12.686249568139703,7.0,2.0,5.0,16.0,32.0,0.7217758103507208,0.0,3.9609932404364976,6.0,False,,,
D_phiusiil_phishing_vs_legitphish_phishing,phishing,LegitPhish,digit_ratio,100945,63678,0.06359171912572252,0.0,0.0,0.0,0.1020408163265306,0.1923076923076923,0.38219914650382353,0.4545454545454545,0.1159420289855072,0.2954545454545454,0.4857142857142857,0.5517241379310345,0.719472767111623,0.0,0.318607427378101,0.4545454545454545,False,,,
D_phiusiil_phishing_vs_legitphish_phishing,phishing,LegitPhish,number_of_subdomains,100945,63678,1.1566991926296497,1.0,0.0,1.0,1.0,2.0,0.23844970005339364,0.0,0.0,0.0,0.0,1.0,0.6693080837730794,0.0,-0.9182494925762561,-1.0,False,,,
D_phiusiil_phishing_vs_legitphish_phishing,phishing,LegitPhish,number_of_dots,100945,63678,2.384694635692704,2.0,2.0,2.0,3.0,3.0,3.510270423066051,4.0,3.0,3.0,4.0,4.0,0.6474529314921758,0.0,1.125575787373347,2.0,False,,,
D_phiusiil_phishing_vs_legitphish_phishing,phishing,LegitPhish,has_port,100945,63678,0.00025756600128783,0.0,0.0,0.0,0.0,0.0,0.6452149879079117,1.0,0.0,0.0,1.0,1.0,0.6449574219066239,0.0,0.6449574219066239,1.0,True,0.00025756600128783,0.6452149879079117,64.49574219066238
D_phiusiil_phishing_vs_legitphish_phishing,phishing,LegitPhish,number_of_letters,100945,63678,34.24925454455396,25.0,16.0,20.0,36.0,60.0,17.08800527654763,9.0,5.0,7.0,21.0,42.0,0.6352797611925014,0.0,-17.161249268006333,-16.0,False,,,
D_phiusiil_phishing_vs_legitphish_phishing,phishing,LegitPhish,special_character_count,100945,63678,7.651245727871613,6.0,5.0,5.0,8.0,11.0,8.846477590376582,9.0,8.0,8.0,9.0,10.0,0.6174329596214359,0.0,1.1952318625049685,3.0,False,,,
D_phiusiil_phishing_vs_legitphish_phishing,phishing,LegitPhish,domain_length,100945,63678,24.461647431769777,22.0,13.0,16.0,29.0,39.0,15.160494990420553,14.0,12.0,13.0,15.0,21.0,0.605451983265195,0.0,-9.301152441349224,-8.0,False,,,
D_phiusiil_phishing_vs_legitphish_phishing,phishing,LegitPhish,uses_https_text,100945,63678,0.48735449997523406,0.0,0.0,0.0,1.0,1.0,0.055325230063758286,0.0,0.0,0.0,0.0,0.0,0.4320292699114757,0.0,-0.4320292699114758,0.0,True,0.48735449997523406,0.055325230063758286,43.20292699114758
D_phiusiil_phishing_vs_legitphish_phishing,phishing,LegitPhish,number_of_slashes,100945,63678,3.019208479865273,3.0,2.0,2.0,3.0,4.0,3.313781839881906,3.0,3.0,3.0,4.0,4.0,0.39365061415267855,0.0,0.2945733600166327,0.0,False,,,
D_phiusiil_phishing_vs_legitphish_phishing,phishing,LegitPhish,number_of_hyphens,100945,63678,0.7069889543810987,0.0,0.0,0.0,1.0,2.0,0.09734916297622413,0.0,0.0,0.0,0.0,0.0,0.31801751814647095,0.0,-0.6096397914048746,0.0,False,,,
D_phiusiil_phishing_vs_legitphish_phishing,phishing,LegitPhish,url_length,100945,63678,46.238773589578486,34.0,22.0,26.0,48.0,80.0,39.411869091365936,34.0,28.0,30.0,41.0,60.0,0.21852122866842633,0.0,-6.826904498212549,0.0,False,,,
D_phiusiil_phishing_vs_legitphish_phishing,phishing,LegitPhish,number_of_underscores,100945,63678,0.08163851602357719,0.0,0.0,0.0,0.0,0.0,0.18813404943622603,0.0,0.0,0.0,0.0,1.0,0.12679309128876604,0.0,0.10649553341264884,0.0,False,,,
D_phiusiil_phishing_vs_legitphish_phishing,phishing,LegitPhish,suspicious_keyword_count,100945,63678,0.0967952845608995,0.0,0.0,0.0,0.0,0.0,0.02131034266151575,0.0,0.0,0.0,0.0,0.0,0.05302361246788212,7.450272484109975e-96,-0.07548494189938375,0.0,False,,,
D_phiusiil_phishing_vs_legitphish_phishing,phishing,LegitPhish,has_suspicious_keyword,100945,63678,0.0690574074991332,0.0,0.0,0.0,0.0,0.0,0.01603379503125098,0.0,0.0,0.0,0.0,0.0,0.05302361246788212,7.450272484109975e-96,-0.05302361246788222,0.0,True,0.0690574074991332,0.01603379503125098,5.302361246788221
D_phiusiil_phishing_vs_legitphish_phishing,phishing,LegitPhish,number_of_question_marks,100945,63678,0.06879984149784536,0.0,0.0,0.0,0.0,0.0,0.012516096611074468,0.0,0.0,0.0,0.0,0.0,0.0489413744222128,1.0160997785542586e-81,-0.056283744886770896,0.0,False,,,
D_phiusiil_phishing_vs_legitphish_phishing,phishing,LegitPhish,query_length,100945,63678,5.169240675615434,0.0,0.0,0.0,0.0,0.0,0.7677690882251327,0.0,0.0,0.0,0.0,0.0,0.048458608285562366,4.013471124249246e-80,-4.401471587390302,0.0,False,,,
D_phiusiil_phishing_vs_legitphish_phishing,phishing,LegitPhish,number_of_query_parameters,100945,63678,0.14139382832235375,0.0,0.0,0.0,0.0,0.0,0.025911617827193065,0.0,0.0,0.0,0.0,0.0,0.048438795516232536,4.6634284242299455e-80,-0.11548221049516069,0.0,False,,,
D_phiusiil_phishing_vs_legitphish_phishing,phishing,LegitPhish,number_of_equal_signs,100945,63678,0.14785279112387933,0.0,0.0,0.0,0.0,0.0,0.027120826659128742,0.0,0.0,0.0,0.0,0.0,0.04268825262875797,2.8817545671169515e-62,-0.1207319644647506,0.0,False,,,
D_phiusiil_phishing_vs_legitphish_phishing,phishing,LegitPhish,number_of_ampersands,100945,63678,0.08437267819109416,0.0,0.0,0.0,0.0,0.0,0.018436508684317975,0.0,0.0,0.0,0.0,0.0,0.020095594605163747,3.960460184465325e-14,-0.0659361695067762,0.0,False,,,
D_phiusiil_phishing_vs_legitphish_phishing,phishing,LegitPhish,number_of_at_symbols,100945,63678,0.017108326316310863,0.0,0.0,0.0,0.0,0.0,6.281604321743773e-05,0.0,0.0,0.0,0.0,0.0,0.014866105646811678,6.323718225191331e-08,-0.017045510273093426,0.0,False,,,
D_phiusiil_phishing_vs_legitphish_phishing,phishing,LegitPhish,known_shortener_domain,100945,63678,0.005349447719054931,0.0,0.0,0.0,0.0,0.0,0.00026696818367411034,0.0,0.0,0.0,0.0,0.0,0.005082479535380657,0.26451268787441007,-0.005082479535380821,0.0,True,0.005349447719054931,0.00026696818367411034,0.5082479535380822
D_phiusiil_phishing_vs_legitphish_phishing,phishing,LegitPhish,number_of_percent_symbols,100945,63678,0.05852692060032691,0.0,0.0,0.0,0.0,0.0,0.031502245673545023,0.0,0.0,0.0,0.0,0.0,0.0024914940134395103,0.9681478278316011,-0.027024674926781886,0.0,False,,,
C_phiusiil_phishing_vs_url_phish_phishing,phishing,URL-Phish,uses_https_text,100945,16600,0.48735449997523406,0.0,0.0,0.0,1.0,1.0,0.9143373493975904,1.0,1.0,1.0,1.0,1.0,0.4269828494223563,0.0,0.4269828494223563,1.0,True,0.48735449997523406,0.9143373493975904,42.69828494223563
C_phiusiil_phishing_vs_url_phish_phishing,phishing,URL-Phish,path_length,100945,16600,8.725256327703205,1.0,0.0,0.0,6.0,28.0,17.153373493975902,6.0,1.0,1.0,16.0,49.0,0.3212664119253775,0.0,8.428117166272697,5.0,False,,,
C_phiusiil_phishing_vs_url_phish_phishing,phishing,URL-Phish,number_of_slashes,100945,16600,3.019208479865273,3.0,2.0,2.0,3.0,4.0,3.617289156626506,3.0,3.0,3.0,4.0,6.0,0.3212565055407125,0.0,0.5980806767612328,0.0,False,,,
C_phiusiil_phishing_vs_url_phish_phishing,phishing,URL-Phish,number_of_subdomains,100945,16600,1.1566991926296497,1.0,0.0,1.0,1.0,2.0,0.7419879518072289,1.0,0.0,0.0,1.0,1.0,0.1840278196345737,0.0,-0.41471124082242083,0.0,False,,,
C_phiusiil_phishing_vs_url_phish_phishing,phishing,URL-Phish,number_of_dots,100945,16600,2.384694635692704,2.0,2.0,2.0,3.0,3.0,1.927289156626506,2.0,1.0,1.0,2.0,3.0,0.16928442781975395,0.0,-0.4574054790661979,0.0,False,,,
C_phiusiil_phishing_vs_url_phish_phishing,phishing,URL-Phish,domain_length,100945,16600,24.461647431769777,22.0,13.0,16.0,29.0,39.0,21.31963855421687,20.0,7.0,14.0,28.0,36.0,0.1554875254149492,1.8387366772707291e-301,-3.1420088775529074,-2.0,False,,,
C_phiusiil_phishing_vs_url_phish_phishing,phishing,URL-Phish,number_of_hyphens,100945,16600,0.7069889543810987,0.0,0.0,0.0,1.0,2.0,0.9374096385542169,0.0,0.0,0.0,1.0,3.0,0.12956206618539146,4.2239902287214976e-209,0.23042068417311823,0.0,False,,,
C_phiusiil_phishing_vs_url_phish_phishing,phishing,URL-Phish,special_character_count,100945,16600,7.651245727871613,6.0,5.0,5.0,8.0,11.0,8.996024096385542,7.0,5.0,6.0,9.0,15.0,0.1267022630121258,5.865602106292793e-200,1.3447783685139285,1.0,False,,,
C_phiusiil_phishing_vs_url_phish_phishing,phishing,URL-Phish,url_length,100945,16600,46.238773589578486,34.0,22.0,26.0,48.0,80.0,56.30469879518072,38.0,22.0,29.0,55.0,113.0,0.12127170229285067,3.630209508131546e-183,10.065925205602234,4.0,False,,,
C_phiusiil_phishing_vs_url_phish_phishing,phishing,URL-Phish,number_of_letters,100945,16600,34.24925454455396,25.0,16.0,20.0,36.0,60.0,41.55512048192771,29.0,16.0,22.0,41.0,81.0,0.12065556395675331,2.618112958036243e-181,7.305865937373746,4.0,False,,,
C_phiusiil_phishing_vs_url_phish_phishing,phishing,URL-Phish,number_of_equal_signs,100945,16600,0.14785279112387933,0.0,0.0,0.0,0.0,0.0,0.39536144578313254,0.0,0.0,0.0,0.0,2.0,0.10190872758456682,2.381449654389571e-129,0.2475086546592532,0.0,False,,,
C_phiusiil_phishing_vs_url_phish_phishing,phishing,URL-Phish,digit_ratio,100945,16600,0.06359171912572252,0.0,0.0,0.0,0.1020408163265306,0.1923076923076923,0.07375972052456051,0.0377358490566037,0.0,0.0,0.1136363636363636,0.2,0.09319930571759527,3.238976750125431e-108,0.010168001398837986,0.0377358490566037,False,,,
C_phiusiil_phishing_vs_url_phish_phishing,phishing,URL-Phish,number_of_digits,100945,16600,4.338273317152905,0.0,0.0,0.0,5.0,11.0,5.753433734939759,1.0,0.0,0.0,6.0,17.0,0.09246595873811764,1.596161903875556e-106,1.4151604177868542,1.0,False,,,
C_phiusiil_phishing_vs_url_phish_phishing,phishing,URL-Phish,query_length,100945,16600,5.169240675615434,0.0,0.0,0.0,0.0,0.0,9.379698795180722,0.0,0.0,0.0,0.0,41.0,0.08581315305304626,8.780584496532751e-92,4.210458119565288,0.0,False,,,
C_phiusiil_phishing_vs_url_phish_phishing,phishing,URL-Phish,number_of_query_parameters,100945,16600,0.14139382832235375,0.0,0.0,0.0,0.0,0.0,0.36765060240963854,0.0,0.0,0.0,0.0,1.0,0.08528082810214566,1.1888540831257744e-90,0.22625677408728478,0.0,False,,,
C_phiusiil_phishing_vs_url_phish_phishing,phishing,URL-Phish,number_of_question_marks,100945,16600,0.06879984149784536,0.0,0.0,0.0,0.0,0.0,0.14897590361445784,0.0,0.0,0.0,0.0,1.0,0.08487787695434768,8.452813150792893e-90,0.08017606211661248,0.0,False,,,
C_phiusiil_phishing_vs_url_phish_phishing,phishing,URL-Phish,letter_ratio,100945,16600,0.7472414032986082,0.7755102040816326,0.6126612903225812,0.7142857142857143,0.8125,0.8378378378378378,0.7418114542795958,0.7666666666666667,0.6206896551724138,0.7,0.8,0.8333333333333334,0.08165791403764544,3.8766391998053e-83,-0.005429949019012392,-0.008843537414965907,False,,,
C_phiusiil_phishing_vs_url_phish_phishing,phishing,URL-Phish,number_of_ampersands,100945,16600,0.08437267819109416,0.0,0.0,0.0,0.0,0.0,0.2394578313253012,0.0,0.0,0.0,0.0,1.0,0.07455368753233749,2.341959708737565e-69,0.15508515313420707,0.0,False,,,
C_phiusiil_phishing_vs_url_phish_phishing,phishing,URL-Phish,known_shortener_domain,100945,16600,0.005349447719054931,0.0,0.0,0.0,0.0,0.0,0.06608433734939759,0.0,0.0,0.0,0.0,0.0,0.06073488963034279,3.720305008751506e-46,0.06073488963034265,0.0,True,0.005349447719054931,0.06608433734939759,6.073488963034265
C_phiusiil_phishing_vs_url_phish_phishing,phishing,URL-Phish,number_of_underscores,100945,16600,0.08163851602357719,0.0,0.0,0.0,0.0,0.0,0.21993975903614457,0.0,0.0,0.0,0.0,0.0,0.05347061831953115,7.250508544699225e-36,0.13830124301256738,0.0,False,,,
C_phiusiil_phishing_vs_url_phish_phishing,phishing,URL-Phish,suspicious_keyword_count,100945,16600,0.0967952845608995,0.0,0.0,0.0,0.0,0.0,0.08313253012048193,0.0,0.0,0.0,0.0,0.0,0.009663603644355923,0.13858909668448527,-0.013662754440417577,0.0,False,,,
C_phiusiil_phishing_vs_url_phish_phishing,phishing,URL-Phish,has_suspicious_keyword,100945,16600,0.0690574074991332,0.0,0.0,0.0,0.0,0.0,0.07512048192771084,0.0,0.0,0.0,0.0,0.0,0.006063074428577786,0.6687888168990954,0.006063074428577647,0.0,True,0.0690574074991332,0.07512048192771084,0.6063074428577647
C_phiusiil_phishing_vs_url_phish_phishing,phishing,URL-Phish,domain_is_ip,100945,16600,0.0060230818762692555,0.0,0.0,0.0,0.0,0.0,0.0004216867469879518,0.0,0.0,0.0,0.0,0.0,0.005601395129281261,0.7601159067554173,-0.005601395129281304,0.0,True,0.0060230818762692555,0.0004216867469879518,0.5601395129281304
C_phiusiil_phishing_vs_url_phish_phishing,phishing,URL-Phish,number_of_at_symbols,100945,16600,0.017108326316310863,0.0,0.0,0.0,0.0,0.0,0.011024096385542168,0.0,0.0,0.0,0.0,0.0,0.00432651205147494,0.9512778241902938,-0.006084229930768695,0.0,False,,,
C_phiusiil_phishing_vs_url_phish_phishing,phishing,URL-Phish,number_of_percent_symbols,100945,16600,0.05852692060032691,0.0,0.0,0.0,0.0,0.0,0.2960843373493976,0.0,0.0,0.0,0.0,0.0,0.0039238801757131014,0.9800249985078845,0.2375574167490707,0.0,False,,,
C_phiusiil_phishing_vs_url_phish_phishing,phishing,URL-Phish,has_port,100945,16600,0.00025756600128783,0.0,0.0,0.0,0.0,0.0,0.0009638554216867469,0.0,0.0,0.0,0.0,0.0,0.0007062894203989645,1.0,0.000706289420398917,0.0,True,0.00025756600128783,0.0009638554216867469,0.0706289420398917
